doc_id;source;city;published_at;title;description;text;url;predicted_label;human_label;review_notes
841d937b6ffad36d;news;London;2026-03-13T20:00:00Z;Visionary Hotelier Rami Fustok’s Art-Filled London Apartment Is Up for Rent;The Mandrake founder’s Clerkenwell apartment—complete with works by artists Nick Cave and David LaChapelle—is asking about $6,600 per week.;"Visionary Hotelier Rami Fustok’s Art-Filled London Apartment Is Up for Rent. By providing your information, you agree to our Terms of Use and our Privacy Policy. We use vendors that may also process your information to help provide our services. This site is protected by reCAPTCHA Enterprise and the Google Privacy Policy and Terms of Service apply. Curating Life's Luxuries Since 1976 Subscribe for full access to Robb Report. Includes the digital edition. Sign up for our newsletter and go inside a world of luxury. By providing your information, you agree to our Terms of Use and our Privacy Policy. We use vendors that may also process your information to help provide our services. This site is protected by reCAPTCHA Enterprise and the Google Privacy Policy and Terms of Service apply. Hotelier Rami Fustok, best known for his theatrical, design-forward hotel The Mandrake, has taken on a new role as landlord, offering his eclectic, art-filled London apartment—part home, part gallery—for £5,000 (around $6,600) per week with Polina Shchepetkova and Olivia McSweeney of United Kingdom Sotheby’s International Realty. If that sounds steep, consider what’s included: roughly 5,500 square feet of historic architecture, a former government boardroom turned living room, and a museum-grade assortment of contemporary art. Related Stories This $16.4 Million N.Y.C. Condo Comes With Sprawling Views of Central Park Royal Enfield's First Electric Motorcycle Is Finally Here Inside a $10.8 Million Arizona Home Where Modern Restraint Meets Desert Drama Fustok’s apartment sits inside New River Head, an early-20th-century building in Clerkenwell that once served as the headquarters of London’s Metropolitan Water Board. Long before that, the site marked the end point of the New River, the 17th-century canal that carried fresh drinking water from Hertfordshire into the city. The civic complex was converted into residences in the 1990s, though much of the grand architecture—high ceilings, big windows, and spacious dimensions—remains intact. RELATED: Inside the $82 Million London Penthouse Igor Babuschkin Says He Isn’t Buying The apartment’s centerpiece—the building’s former boardroom—is cavernous, stretching about 47 feet across with ceilings rising more than 14 feet overhead. Doric columns lend a sense of timeless elegance, the original chandelier still hangs from the embellished coffered ceiling, and two mezzanine library galleries overlook the room from either end—but the real showstopper is the art. After decades of collecting, the art connoisseur’s collection fill the home, giving the temporary tenants a rare chance to live in a museum-like setting. A life-size “Soundsuit” by Nick Cave stands in one corner; nearby are photographs by David LaChapelle and a brightly colored heart sculpture by Romero Britto. By the windows stands a winged angel produced in resin by Fustok’s mother, the sculptor Bushra Fakhoury. Featured Listing 161 Stillwater Rd, Aspen, CO 81611 Aspen, CO $300,000,000 USD Featured Listing 4867 Legacy Way, Park City, Utah 84060 Park City, UT $22,000,000 USD Featured Listing Paris, Île-de-France 75002, France Paris, France $21,201,400 USD | 18,000,000 EUR Featured Listing 111 W 57th St, New York, NY 10019 New York, NY $98,000,000 USD Featured Listing The Westerly Estate: A Tuscan Villa in Paradise Santa Ynez, CA $52,500,000 USD RELATED: Inside a $19 Million London Apartment With Access to an Exclusive Private Club The layout is surprisingly practical given the scale. Much of the first floor revolves around the central lounge/gallery, alongside a kitchen, bar, and media room. A guest suite tucked discreetly behind a hidden door. Three additional bedrooms on the upper floor include a generous primary suite with bespoke joinery, a walk-in wardrobe, and a marble-clad bathroom. One of the secondary bedrooms comes with its own dressing room, and each has an en suite bath. Additional luxuries include underfloor heating, lift access, and three secure covered parking spaces—no small perk in central London, while the building offers a gym, daytime porter services, and the Oak Room, a wood-paneled space with ornate ceilings that residents can reserve for private dinners or small gatherings of up to 20 guests. Click here to see more photos of the London rental. Abigail Montanez is a staff writer at Robb Report. She has worked in both print and digital publishing for over half a decade, covering everything from real estate, entertainment, dining, travel to… Your email address will not be published. Required fields are marked * Comment * Name * Email * Website Δ May 7-9, 2026 Robb Report’s culinary weekend comes to New Orleans. Join us at the Four Seasons for a celebration where cuisine meets culture.";http://robbreport.com/shelter/celebrity-homes/rami-fustok-london-apartment-1237682262/;1;1;
3a182936d222988c;news;Barcelona;2026-04-07T14:54:00Z;All set for the Champions: Atleti head to Barcelona with 3️⃣ out;The UEFA Champions League is gearing up for an electric quarter-final clash. Tomorrow, FC Barcelona and Atlético de Madrid will face off in the first leg at Camp Nou, in a tie that promises maximum t...;All set for the Champions: Atleti head to Barcelona with 3️⃣ out. The UEFA Champions League is gearing up for an electric quarter-final clash. Tomorrow, FC Barcelona and Atlético de Madrid will face off in the first leg at Camp Nou, in a tie that promises maximum t... The UEFA Champions League is gearing up for an electric quarter-final clash. Tomorrow, FC Barcelona and Atlético de Madrid will face off in the first leg at Camp Nou, in a tie that promises maximum t… [+760 chars];https://onefootball.com/en/news/all-set-for-the-champions-atleti-head-to-barcelona-with-3-out-42674856;0;0;
69459e4c5094ca8a;news;London;2026-04-12T23:21:08Z;NELFUND: The accidental stimulus package;;"NELFUND: The accidental stimulus package. Discover how NELFUND is more than a student loan scheme—it’s a massive, targeted economic stimulus package injecting billions into Nigeria’s youth.

Read More: https://punchng.com/nelfund-the-accidental-stimulus-package/ The basic premise of a student loan is a beautiful piece of financial time travel. Right now, you are 19, you have no money, and your marketable skills consist mostly of arguing on X (formerly Twitte… [+10379 chars]";https://punchng.com/nelfund-the-accidental-stimulus-package/;0;0;
50c0676766c4aa45;news;Paris;2026-04-02T20:00:00Z;Karl Lagerfeld’s Former Country Estate Near Paris Can Be Yours for $3.1 Million;The 18th-century estate, dubbed Manoir du Mée, was featured in several Chanel ad campaigns and was later home to prominent members of Monaco's royal family.;Karl Lagerfeld’s Former Country Estate Near Paris Can Be Yours for $3.1 Million. By providing your information, you agree to our Terms of Use and our Privacy Policy. We use vendors that may also process your information to help provide our services. This site is protected by reCAPTCHA Enterprise and the Google Privacy Policy and Terms of Service apply. Curating Life's Luxuries Since 1976 Subscribe for full access to Robb Report. Includes the digital edition. Sign up for our newsletter and go inside a world of luxury. By providing your information, you agree to our Terms of Use and our Privacy Policy. We use vendors that may also process your information to help provide our services. This site is protected by reCAPTCHA Enterprise and the Google Privacy Policy and Terms of Service apply. Far from the sharp lines and theatrical polish he was known for, Karl Lagerfeld‘s former country estate, about 50 miles outside of Paris, offers a quieter perspective on a figure more often associated with tightly controlled personal style and high-fashion spectacle. Unlike his Paris apartment—transformed into a stark, almost clinical environment—this house reflects a more informal way of living and working. Related Stories This $16.4 Million N.Y.C. Condo Comes With Sprawling Views of Central Park Royal Enfield's First Electric Motorcycle Is Finally Here Inside a $10.8 Million Arizona Home Where Modern Restraint Meets Desert Drama The grand residence, dating to 1749, was acquired by the German-born legend in 1986, and he remained in his hands until 1998, a period when he was simultaneously overseeing Chanel and expanding his own eponymous label. He used the estate as both a retreat from his work schedule and as a creative backdrop: several Chanel ad campaigns were photographed in the gardens during his ownership, including shoots with the iconic models Inès de la Fressange and Tatiana Patitz. “It’s really a place defined by proportion, light, and a certain restraint that feels very French,” says Alexis Feyfant of Pyla Paris, who holds the $3.1 million listing. RELATED: A L’Occitane Chairman’s 300-Year-Old Estate on Barbados Just Listed for $23 Million The architecture follows a classic French composition, a symmetrical facade punctuated by tall windows, and rooms arranged in sequence. Reception spaces open onto the grounds, while smaller, more private rooms sit just beyond. According to Feyfant, the layout mirrors daily life, moving easily from the kitchen to dining areas and into the more intimate spaces. Originally built for a local family, the property later passed through several notable hands, including French actress Renée Saint-Cyr. Lagerfeld sold it in 1998 to Prince Ernst August of Hanover. Princess Caroline of Monaco and her family moved in years later, living there from about 2004 to 2010. After their separation, the house sat empty for a period, roughly between 2010 and 2013, before changing hands again. Featured Listing 4867 Legacy Way, Park City, Utah 84060 Park City, UT $22,000,000 USD Featured Listing 111 W 57th St, New York, NY 10019 New York, NY $98,000,000 USD Featured Listing 161 Stillwater Rd, Aspen, CO 81611 Aspen, CO $300,000,000 USD Featured Listing The Westerly Estate: A Tuscan Villa in Paradise Santa Ynez, CA $52,500,000 USD Featured Listing Paris, Île-de-France 75002, France Paris, France $21,201,400 USD | 18,000,000 EUR RELATED: Drew Barrymore Just Listed Her 12-Acre Westchester County Estate for $5 Million The current owner, who purchased the property in 2014, has preserved much of its original character, including the Versailles-style parquet flooring, elaborate moldings, and carved stone fireplaces that are still in situ. The main house spans roughly 5,400 square feet with seven bedrooms, while a separate guesthouse adds another 2,000 square feet, all set on roughly 1.25 acres. Its reappearance follows the 2024 sale of Lagerfeld’s Paris apartment and studio on the Quai Voltaire, which sold for about $10.8 million at auction following a bidding war. Lagerfeld lived there from 2006 until his death in 2019 at the age of 85. Over the years, he cycled through residences in the City of Light, Monaco, Rome, and beyond, an impressive portfolio later chronicled in the book Karl Lagerfeld: A Life in Houses, which traces his shifting interiors from Art Deco to ultramodern. Click here to see more photos of Manoir du Mée. Abigail Montanez is a staff writer at Robb Report. She has worked in both print and digital publishing for over half a decade, covering everything from real estate, entertainment, dining, travel to… Hi everyone! Cell reception at my summer cabin is very weak so heavy websites usually fail to load. I tested the mobile version of billionairespin casino and the optimization is absolutely top notch. The slots spun smoothly without any annoying lag and I even doubled my starting stack before the evening campfire. Wish you all the best and a lucky night Do you know how i like it monkey mart Your email address will not be published. Required fields are marked * Comment * Name * Email * Website Δ May 7-9, 2026 Robb Report’s culinary weekend comes to New Orleans. Join us at the Four Seasons for a celebration where cuisine meets culture.;http://robbreport.com/shelter/celebrity-homes/karl-lagerfeld-former-country-estate-paris-1237731995/;1;0;
b20ddaf4e5ebdba7;news;London;2026-04-08T15:17:46Z;London is getting a mind-boggling new illusion museum;;London is getting a mind-boggling new illusion museum. 🙌Awesome, you're subscribed! Thanks for subscribing! Look out for your first newsletter in your inbox soon! The best of London straight to your inbox We help you navigate a myriad of possibilities. Sign up for our newsletter for the best of the city. By entering your email address you agree to our Terms of Use and Privacy Policy and consent to receive emails from Time Out about news, events, offers and partner promotions. Awesome, you're subscribed! Thanks for subscribing! Look out for your first newsletter in your inbox soon! The best of London for free. Sign up for our email to enjoy London without spending a thing (as well as some options when you’re feeling flush). Déjà vu! We already have this email. Try another? By entering your email address you agree to our Terms of Use and Privacy Policy and consent to receive emails from Time Out about news, events, offers and partner promotions. London The Museum of Illusions will land on Tottenham Court Road this May, following the popularity of its first UK outpost in Manchester Is your Instagram feed full of influencers hanging off of ceilings? Well, don’t be fooled, they’ve probably just paid a visit to the Museum of Illusions. Despite having nearly 70 locations worldwide, there’s currently only one in the UK, and that’s in Manchester. That is, until May. Good news for London-dwellers – the museum brand is opening a second British branch for us (well, and for the tourists). Not to be muddled with other mind-bending London museums like the Paradox Museum or the Twist Museum, the new Museum of Illusions will include a never-before-seen spooky ‘Ghost Room’ exhibit. We’re not sure what level of concern photos of this room will unleash on your Instagram followers, but it sounds intriguing. You don’t have to be a frequent social media user to enjoy the museum. It also boasts plenty of opportunities to learn about the ‘scientific principles’ of the exhibits and figure out how the illusions work. Edifying! Expect new ‘gravity-defying’ illusions that make it seem like you’re hanging off a building and a ‘Reversed Room’ inspired by London’s history and landmarks. Take a peek at the Manchester branch’s train carriage illusion to get an idea of what this might look like. If the Science Museum didn’t make you feel sufficiently immersed in space, the Museum of Illusions also offers the chance to navigate the cosmos through its popular and ‘seemingly real vortex’. Your challenge is to walk across a bridge encapsulated by a rotating kaleidoscopic tunnel, without feeling dizzy (don’t worry, it’s family-friendly). Kim Schaefer, CEO of Museums of Illusions, said: ‘We are incredibly excited to bring Museum of Illusions to the UK’s capital. London is one of the world’s most dynamic cultural and tourism destinations, making it the perfect home for our next opening.’ The mind-bending museum will open on Tottenham Court Road in May, but further details are yet to be announced. Prices haven’t been confirmed for the London outpost, but the Manchester Museum of Illusions charges £21.50-£29.50, depending on the time. Tickets are available for purchase from April 27. Museum of Illusions, 6-17 Tottenham Court Road, W1T 1BJ. Did you see that The Bayeux Tapestry is coming to London this year – and it will be free to visit for millions of Londoners. Plus: The V&A East will open this month – here’s everything you need to know about the major new London museum. Get the latest and greatest from the Big Smoke – from news and reviews to events and trends. Just follow our Time Out London WhatsApp channel. Stay in the loop: sign up to our free Time Out London newsletter for the best of the city, straight to your inbox. Been there, done that? Think again, my friend. By entering your email address you agree to our Terms of Use and Privacy Policy and consent to receive emails from Time Out about news, events, offers and partner promotions. 🙌Awesome, you're subscribed! Thanks for subscribing! Look out for your first newsletter in your inbox soon! Popular on Time Out Popular on Time Out Discover Time Out original video Get us in your inbox By entering your email address you agree to our Terms of Use and Privacy Policy and consent to receive emails from Time Out about news, events, offers and partner promotions. 🙌 Awesome, you're subscribed! Thanks for subscribing! Look out for your first newsletter in your inbox soon! About us Contact us Time Out products;https://www.timeout.com/london/news/london-is-getting-a-mind-boggling-new-illusion-museum-040826;1;1;
6bd0c6c14b507c90;news;London;2026-03-23T18:09:58Z;WATCH: Airline passengers describe moment of collision at LaGuardia Airport;New York station WABC spoke with two people who said they were on the plane that collided with a truck at LaGuardia Airport.;"WATCH: Airline passengers describe moment of collision at LaGuardia Airport. New York station WABC spoke with two people who said they were on the plane that collided with a truck at LaGuardia Airport. <ul><li>Plane was traveling 93-105 mph at time of LaGuardia Airport ground collision
</li><li>Iran foreign ministry denies Trump's 'very good talks' claim
</li><li>Trump doesn't have many options o… [+4195 chars]";https://abcnews.com/video/131335508/;0;0;
77cd3779c6257165;news;Paris;2026-03-29T04:01:00Z;Works & Wonders (March 29);"This week's Works & Wonders include a Lord's Day devotional on delighting in God himself, plus the new Getty live album, a Tolkien movie announcement, study Bibles renamed and relaunched, and more.See Also
<ul><li>Works & Wonders (March 22)</li><li>My New Bo…";"Works & Wonders (March 29). This week's Works & Wonders include a Lord's Day devotional on delighting in God himself, plus the new Getty live album, a Tolkien movie announcement, study Bibles renamed and relaunched, and more.See Also
<ul><li>Works & Wonders (March 22)</li><li>My New Bo… In my weekly Works &amp; Wonders article, I combine a brief devotional with other uplifting bits and pieces. These can be stories, poems, songs, photos, articles, quotesjust about anything I found en… [+4801 chars]";https://www.challies.com/articles/works-wonders-march-29/;0;0;
d022b2d4ceacdaf3;news;Paris;2026-03-25T13:10:20Z;New love already - Who is Orlando Bloom's new girlfriend after Kat Perry split?;Orlando Bloom has reportedly found new love following his split from Katy Perry, as he is now linked to Swiss model Luisa Laemmel. The relationship reportedly began after they were spotted leaving the Super Bowl together. Meanwhile, Bloom and Perry continue t…;"New love already - Who is Orlando Bloom's new girlfriend after Kat Perry split?. Orlando Bloom has reportedly found new love following his split from Katy Perry, as he is now linked to Swiss model Luisa Laemmel. The relationship reportedly began after they were spotted leaving the Super Bowl together. Meanwhile, Bloom and Perry continue t… Orlando Bloom appears to have entered a new relationship after his breakup with Katy Perry, with reports associating him to Swiss model Luisa Laemmel.Fresh romance after high-profile split
Following… [+3451 chars]";https://economictimes.indiatimes.com/news/international/us/new-love-already-who-is-orlando-blooms-new-girlfriend-after-kat-perry-split/articleshow/129802021.cms;0;0;
f7932103bafe8cff;news;Paris;2026-04-13T17:32:00Z;Christian Dior continues to achieve organic growth in the first quarter, in a global environment impacted by the conflict in the Middle East;;"Christian Dior continues to achieve organic growth in the first quarter, in a global environment impacted by the conflict in the Middle East. Christian Dior continues to achieve organic growth in the first quarter, in a global environment impacted by the conflict in the Middle East  Paris,... Christian Dior continues to achieve organic growth in the first quarter, in a global environment impacted by the conflict in the Middle East
Paris, April 13, 2026
The Christian Dior group recorded … [+8333 chars]";https://www.globenewswire.com/news-release/2026/04/13/3272802/0/en/Christian-Dior-continues-to-achieve-organic-growth-in-the-first-quarter-in-a-global-environment-impacted-by-the-conflict-in-the-Middle-East.html;0;0;
7009c9604fa2efa6;news;Prague;2026-04-02 11:35:20;Czech tourism expands outreach in North India;CzechTourism is intensifying its outreach in North India, targeting Tier II cities to tap into growing outbound travel. The tourism board organised trade workshops and sales visits, highlighting Czechia's diverse offerings beyond Prague, including film touris…;Czech tourism expands outreach in North India. CzechTourism is intensifying its outreach in North India, targeting Tier II cities to tap into growing outbound travel. The tourism board organised trade workshops and sales visits, highlighting Czechia's diverse offerings beyond Prague, including film touris…;https://timesofindia.indiatimes.com/life-style/spotlight/czech-tourism-boosts-engagement-in-north-india-to-attract-more-travelers/articleshow/129977794.cms;1;1;
d7fc7596ad0ed2b6;news;Paris;2026-04-05 07:07:16;Why Israeli travelers are choosing canal cities for European getaways;From Tel Aviv to Amsterdam: Why Israeli travelers are choosing canal cities for European getaways.;;https://www.israelnationalnews.com/news/425036;0;1;
d47f369678c88ed0;news;London;2026-03-24T16:42:53Z;Is Grok Down? Users Report Major Outage for Elon Musk's AI on X;Thousands of users worldwide are reporting disruptions to Grok, the artificial intelligence chatbot integrated into Elon Musk's social media platform, X.;"Is Grok Down? Users Report Major Outage for Elon Musk's AI on X. Thousands of users worldwide are reporting disruptions to Grok, the artificial intelligence chatbot integrated into Elon Musk's social media platform, X. Thousands of users worldwide are reporting disruptions to Grok, the artificial intelligence chatbot integrated into Elon Musk's social media platform, X.
Starting approximately at 1:00 AM AEDT on We… [+3347 chars]";https://www.ibtimes.com.au/grok-down-users-report-major-outage-elon-musks-ai-x-1864324;0;0;
58ba1df7153fa66c;news;London;2026-04-10T13:30:00Z;Friends of Anglotopia: Tasting History at London’s Oldest Restuarant;;"Friends of Anglotopia: Tasting History at London’s Oldest Restuarant. As a devoted lover of both history and fine cuisine, I’ve always been drawn to establishments that seamlessly blend the two. In my travels, I’ve sought out restaurants that not only serve exquisite food but also offer a glimpse into the past. None, however, have captured my imagination quite like Rules, who claim to be the oldest restaurant in London (several make the claim; I’m not going to litigate it here). Established in 1798 (one year younger than Hatchards), this venerable institution has been serving traditional British fare for over two centuries, and I knew that no visit to London would be complete without dining within its hallowed walls. They practically invented the idea of a fine dining restaurant (a bit weird to think that it was an idea that needed inventing at all!). It was on a crisp autumn evening, during the height of the grouse season, that I finally had the opportunity to experience Rules for myself. As I approached the restaurant’s facade on Maiden Lane in Covent Garden, I felt a sense of anticipation building. The exterior, with its deep red awnings and gold lettering, exuded an air of timeless elegance that immediately transported me to a bygone era. We arrived by black taxi, which is really the only proper way to arrive at Rules. Stepping through the door was like entering a living museum of British culinary history. The interior, adorned with rich wood paneling, plush red leather banquettes, and an eclectic array of artwork and memorabilia, spoke volumes about the restaurant’s storied past. Photographs, caricatures, and paintings of notable patrons from over two centuries lined the walls, creating an atmosphere that was both grand and intimately cozy. As we were led to our table, I couldn’t help but imagine the countless conversations, celebrations, and moments of quiet reflection that had taken place within these walls. I thought of the actors, writers, and politicians who had dined here over the years – figures like Charles Dickens, William Makepeace Thackeray, and even Edward VII when he was Prince of Wales. It was humbling to think that I was now part of this long and illustrious lineage of diners. And all I had to do was call in advance to make a reservation. The menu at Rules is a testament to the restaurant’s commitment to traditional British cuisine, with a particular emphasis on game. The waiter, noticing my interest in the grouse, proudly informed me that much of the game served at Rules comes from the Lartington Estate in County Durham, owned by the Mayhew family, who currently run the restaurant. As I perused the menu, I was struck by how it managed to be both familiar and exciting. Classic dishes like steak and kidney pie sat alongside more adventurous offerings, all showcasing the best of British produce. The seasonal nature of the menu was evident, reflecting the restaurant’s dedication to using the freshest ingredients available. I’m not the most adventurous eater, and since I’d never had grouse before (and was put off by the warning on the menu that there could be lead shot in the meat!), I decided on a safe steak and chips while my wife had fish caught fresh off the coast of Britain the day before. As I savored each bite, I found myself reflecting on the role that Rules has played in London’s culinary and cultural landscape. For over 200 years, this restaurant has been a constant in a city that has seen immense change. It has weathered wars, economic upheavals, and changing tastes, all while maintaining its commitment to quality and tradition. What struck me most about Rules was how it managed to feel both timeless and relevant. While the decor and many of the dishes harken back to an earlier era, there’s nothing stuffy or outdated about the experience. The service was impeccable – attentive without being overbearing, knowledgeable without being pretentious. It was clear that everyone who worked there took great pride in being part of such a historic institution. Since the place practically invented table service, it was something to see it work like a finely oiled machine. Our meal was delicious. As I prepared to depart, I took one last look around the dining room. I noticed details I had missed earlier – the intricate moldings on the ceiling, the soft glow of the wall sconces, the gentle ticking of an antique clock. It struck me then that Rules is more than just a restaurant; it’s a living, breathing piece of London’s history. Even the bathroom was more stately than it deserved to be. In the years following my visit, I found myself frequently recounting my experience at Rules to friends and family. I urged them, as I urge anyone visiting London, to make time for a meal at this iconic establishment. There’s something truly special about dining in a place that has served generations of Londoners and visitors alike, a place that has been a constant while the world around it has changed dramatically. Rules is a testament to the enduring appeal of tradition and quality. In an age where restaurants come and go with alarming frequency, where food trends change as quickly as the seasons, Rules stands as a beacon of consistency and excellence. It reminds us of the value of preserving our culinary heritage, of the importance of craftsmanship and attention to detail in cooking. But more than that, Rules offers its patrons a chance to step back in time and experience a slice of London’s rich history in a tangible, delicious way. Whether you’re a food enthusiast, a history buff, or simply someone who appreciates a well-prepared meal in beautiful surroundings, Rules has something to offer. I look forward to my next visit to Rules, perhaps during another grouse season or maybe to try their renowned Christmas offerings. Whatever the occasion, I know that stepping through those doors will once again transport me to a world where tradition reigns supreme, where the hustle and bustle of modern London fades away, and where the pleasure of a perfectly prepared meal in historic surroundings takes center stage. To anyone planning a trip to London, I cannot recommend Rules strongly enough. It’s more than just a meal; it’s an experience, a journey through time, and a celebration of British culinary tradition at its finest. Make a reservation, dress up a bit (they have a dress code; check their website), and prepare yourself for an evening that you’ll remember long after you’ve returned home. Rules is not just the oldest restaurant in London; it’s a national treasure, a living museum of gastronomy, and a dining experience unlike any other. A Little Bit of Britain In Your Inbox Weekly. Sign-up for our free weekly British newsletter. Sent every Wednesday with the latest news from Britain! D Did you know rules has got a Graham Greene room? regards Mikkel Lund Support great long-form writing about British culture, history, and travel by joining the Friends of Anglotopia Club! Anglotopia was founded by Jonathan and Jackie Thomas in 2007 in a closet in Chicago. Anglotopia is for people who love Britain - whether it's British TV, Culture, History or Travel - we cover it all. Join us as we explore Britain and everything it has to offer! Download the Anglotopia Media Kit Here CONTACT US! Interested in advertising on the world's largest website dedicated to all things Britain? Or maybe you have a story for us or would like to work together. We want to hear from you! Reach Us At: [email protected] © Anglotopia LLC. Owned and Operated by Anglotopia LLC - All Rights Reserved. Website Developed by Great Lakes Ecommerce A Little Bit of Britain In Your Inbox Weekly. Sign-up for our free weekly British newsletter. Sent every Wednesday with the latest news from Britain! No thanks, I’m not interested!";https://anglotopia.net/friends-of-anglotopia-club/sunday-post-tasting-history-at-londons-oldest-restuarant/;1;1;
5480eb8ea9cc4061;news;Lisbon;2026-03-29T18:03:41Z;Lisbon/Algarve vs French Riviera vs Albania? #travel;Choosing between Portugal’s coast, the French Riviera, and Albania A trip planning post asked how to choose among three very different “euro trip” destinations: Lisbon/Algarve, the French Riviera, or Albania. The three options trade off crowd levels, costs, a…;Lisbon/Algarve vs French Riviera vs Albania? #travel. A trip-planning post asked how to choose among three very different “euro-trip” destinations: Lisbon/Algarve, the French Riviera, or Albania. The three options trade off crowd levels, costs, and travel logistics. Consider these practical filters: The right answer depends less on which is “best” and more on the kind of pace and atmosphere you want for your euro-trip.;https://alltoc.com/travel/lisbon-algarve-vs-french-riviera-vs-albania;1;1;
8994cc2f7ceb1652;news;Paris;2026-04-09T18:12:40Z;A Piece of the Eiffel Tower Is Heading to Auction;;"A Piece of the Eiffel Tower Is Heading to Auction. Aspiring bidders will need more than just deep pockets, the estimate is set at $140,000 to $175,000, they’ll also need deep real estate: the piece stands nearly nine feet tall and spans more than five feet across. There was a time when monuments were meant to be visited; now, it seems, they can be owned—at least in parts.
A section of the original staircase from the Eiffel Tower will go up for auction in Pari… [+1891 chars]";https://www.artnews.com/art-news/news/eiffel-tower-staircase-auction-artcurial-paris-1234780764/;0;0;
dcddc80bcff14040;news;Barcelona;2026-04-06 09:16:53;'We Can't Accommodate Any More Tourists,' Spanish Leftist Lawmaker Calls for Limits on Tourism;"Spanish lawmaker Alberto Ibáñez called for the imposition of strict controls to the nation's tourism industry to force it to reduce in scope during a Sunday interview with the Madrid-based Europapress.
The post ‘We Can’t Accommodate Any More Tourists,’ Spanis…";"'We Can't Accommodate Any More Tourists,' Spanish Leftist Lawmaker Calls for Limits on Tourism. Spanish lawmaker Alberto Ibáñez called for the imposition of strict controls on the nation’s inbound tourism industry to force it to reduce in scope during a Sunday interview with the Madrid-based Europapress. Ibáñez is a member of Compromís, a leftist Valencian regionalism coalition. The lawmaker stressed to Europapress that limiting Spain’s tourism industry is necessary, as he believes it has already made it “impossible to live” in cities like Alicante or Valencia. Europapress reports that Ibáñez recently submitted a request to the Spanish Congress to establish a parliamentary subcommittee to analyze the impact of tourism on people’s quality of life. The lawmaker told the outlet that the proposed subcommittee’s goal is to capture the “frustration” felt by the country’s tourist cities, and stressed that in many coastal cities, “residents are being pushed out so that neighborhoods can become tourist attractions.” He further told the outlet that more cruise ships and passengers arrive in Valencia than the city has residents, which is why he believes this activity must be limited, since, in his view, it greatly affects the city’s quality of life and “does not contribute” economically. “You close a bakery to open a locker rental or bike rental shop, with all the harm this causes the city,” Ibáñez said, and emphasized his support for “tourism degrowth” given this situation. “We say this without any hesitation,” he added. Ibáñez said that his leftist coalition presented the subcommittee proposal after the socialist government’s Secretary of State for Tourism appeared before Congress and “deeply disappointed us.” According to the lawmaker, her remarks failed to acknowledge the distress facing tourist cities in our country. “In the Valencian region, not only in coastal towns and cities, but particularly in cities like Valencia or Alicante, it is impossible to live. Residents are being pushed out so that the neighborhoods can become sets for tourists,” he said. “Therefore, it’s not just that we shouldn’t expand ports like Valencia’s, we need to limit the arrival of massive cruise ships,” he continued. “They pollute heavily and don’t contribute to the city’s economy.” “These are people who come down here and don’t know if they’re in Valencia, Seville, or Barcelona; they buy the same souvenir pin no matter where they are, and they spend no more than five euros on a beer,” he asserted. The lawmaker pointed out to the city of Benidorm as an example for his proposal. “It blows my mind. We don’t need more tourists; we can’t accommodate any more tourists. And we can keep denying this until the day comes when we walk through a neighborhood where there aren’t any residents left,” he said. Inquired by the outlet on what concerns his message advocating for a reduction in tourism might generate in cities where tourism plays a significant weight, Ibáñez argued that cities like Valencia “no longer live off tourism,” but rather “tourism lives off the city and is devouring it.” Ibáñez clarified to Europapress that this commitment to tourism degrowth cannot be achieved without “implementing an industrial restructuring plan that generates jobs and economic activity in the cities.” Please let us know if you're having issues with commenting. Copyright © 2026 Breitbart";https://www.breitbart.com/europe/2026/04/06/we-cant-accommodate-any-more-tourists-spanish-leftist-lawmaker-calls-for-limits-on-tourism/;1;1;
bec74e83aa5b214d;news;Amsterdam;2026-04-06T00:00:00Z;The best time to visit Amsterdam is now. Here's a weather-proof guide to the city;This charismatic canal city is a feast for lovers of the outdoors, but its cosy pubs and secret museums are just as nourishing.;The best time to visit Amsterdam is now. Here's a weather-proof guide to the city. This charismatic canal city is a feast for lovers of the outdoors, but its cosy pubs and secret museums are just as nourishing. Spend any amount of time in Amsterdam and you’ll quickly become acquainted with the Dutch love of the outdoors. On the finest days, the entire city seems to be made up of cyclists streaming past gingerbread-worthy townhouses. Theatre performances, markets and music festivals fill the city’s parks — which are regarded as outdoor living rooms by many locals — while waterfront terraces swell with punters sipping cool beers, the surrounding houses garlanded in blooming hollyhocks. Head inside, however, and an entirely different, far cosier city reveals itself. This is the clandestine Amsterdam, where locals find refuge in low-lit bruin cafes (brown cafes), historic churches harbour unlikely music venues and grand 17th-century homes conceal the secrets of generations past. Cycling is a great way to see the city. Hire some wheels from Yellow Bike and download its self-guided Amsterdam Noord tour, taking in NDSM Wharf: an old shipyard on the banks of the IJ that’s been turned into a cultural hub. When the shipyard first closed, it was occupied by artists, and it’s still a great place to see street art. Pause for a drink at Pllek, a cafe, bar and restaurant whose huge glitter ball looks out onto a sandy beach. Marineterrein was also originally a shipyard, built in the 17th century and used by the Dutch East India Company. Today, it’s home to a long floating boardwalk that allows access to peaceful, tree-framed waters where you can swim and take in views of the National Maritime Museum. The water quality is regularly tested, though there’s standup paddleboard rental if you don’t fancy a plunge. Holland’s tulip fields, striped in paintbox colours, bloom from late March to May. The Keukenhof gardens are a popular spot, but for something more intimate head to De Tulperij farm, around 20 miles south west of Amsterdam and run by the Jansze family for generations. Walk among the fields, pick your own tulips or join a tour with one of the Jansze clan to learn more about the history of tulip cultivation in the Netherlands. Among Amsterdam’s many pleasure boat operators, Rederij Lampedusa is unique. With roots in Syria, Somalia, Eritrea, Egypt and the Netherlands, its crew lead canal tours aboard former migrant vessels. Brightly painted and once abandoned by people smugglers, the boats now host journeys during which storytellers illuminate how centuries of migration have shaped Amsterdam. Few of Amsterdam’s hidden spaces are more spectacular than the Our Lord in the Attic Museum. Stepping through the door of this 17th-century merchant’s house, you’ll wander narrow passageways connecting living quarters filled with period furniture. The real surprise is on the top floor, which conceals a secret church with space for 150 people. It dates to a time when Catholic worship was banned in public, forcing people to come up with ways of conducting Mass in private. One of Amsterdam’s most gezellig (heartwarming) experiences is hobnobbing with locals at one of the city’s traditional bruin cafes (brown cafes), so-named because of their dark, wood-panelled interiors stained by centuries of tobacco smoke. Café Chris is said to be the oldest, opening in 1624 on Bloemstraat in the Jordaan district. It’s the kind of place you can imagine Rembrandt going to for an ale. Originally an oil rig, REM Eiland became the home of pirate radio station Radio Noordzee in 1964. After the metal island was seized and dismantled, it was rebuilt in Amsterdam’s Houthaven port area. Today, the space-age structure plays host to a restaurant offering up creative seafood dishes like langoustine risotto and sea bass with matcha puree. There’s a cocktail bar on the floor above, along with a rooftop bar for raspberry-hued sunset views. Hippies first squatted in this disused 19th-century church in the late 1960s, and following several clashes with police, were given permission to turn it into a cultural centre. The 1,500-seater Cosmic Relaxation Center Paradiso (now known as Paradiso) opened in 1968 and has hosted the likes of Pink Floyd and Nirvana since. Acts set to perform below its stained glass windows in 2026 include Belle and Sebastian. Copyright © 1996-2015 National Geographic SocietyCopyright © 2015-2026 National Geographic Partners, LLC. All rights reserved;https://www.nationalgeographic.com/travel/article/a-weather-proof-guide-to-the-best-things-to-do-in-amsterdam-in-spring;1;1;
2a7074cee992e425;news;London;2026-03-24 13:14:31;King Charles Opens World’s Longest Coastal Path—2,689 Miles Around the Entire English Coastline;For those of us who love walking in Britain, this is the news we’ve been waiting for. After 18 years in the making, spanning seven prime ministers and countless planning negotiations, the King Charles III England Coast Path has been officially opened—creating…;;https://anglotopia.net/british-travel/king-charles-opens-worlds-longest-coastal-path-2689-miles-around-the-entire-english-coastline/;0;0;
f681165ead0a8b35;news;Prague;2026-03-17T19:03:33Z;What Happened to Blade II: The Darker, Weirder Sequel That Worked;"A deep dive into Blade II, its development, Guillermo del Toro’s direction, and why it became the franchise’s standout sequel
The post What Happened to Blade II: The Darker, Weirder Sequel That Worked appeared first on JoBlo.";"What Happened to Blade II: The Darker, Weirder Sequel That Worked. A deep dive into Blade II, its development, Guillermo del Toro’s direction, and why it became the franchise’s standout sequel
The post What Happened to Blade II: The Darker, Weirder Sequel That Worked appeared first on JoBlo. What do you do when you’ve had huge success with a movie about a Marvel Comics vampire hunter? For the makers of Blade, the answer was obvious: get Guillermo del Toro to direct a sequel thats darker,… [+11548 chars]";https://www.joblo.com/blade-2-what-happened/;0;0;
a2c7e0c16b418764;news;Barcelona;2026-03-14T08:30:00Z;Biomea Fusion Presents Phase II COVALENT-111 Data in Type 2 Diabetes at the 19th International Conference on Advanced Technologies & Treatments for Diabetes 2026;SAN CARLOS, Calif., March 14, 2026 (GLOBE NEWSWIRE) -- Biomea Fusion, Inc. (“Biomea,” “Biomea Fusion,” or the “Company”) (Nasdaq: BMEA), a clinical-stage diabetes and obesity company, today announced that Juan Pablo Frías, MD, delivered an oral presentation a…;Biomea Fusion Presents Phase II COVALENT-111 Data in Type 2 Diabetes at the 19th International Conference on Advanced Technologies & Treatments for Diabetes 2026. SAN CARLOS, Calif., March 14, 2026 (GLOBE NEWSWIRE) -- Biomea Fusion, Inc. (“Biomea,” “Biomea Fusion,” or the “Company”) (Nasdaq: BMEA), a clinical-stage diabetes and obesity company, today announced that Juan Pablo Frías, MD, delivered an oral presentation a… SAN CARLOS, Calif., March 14, 2026 (GLOBE NEWSWIRE) -- Biomea Fusion, Inc. (Biomea, Biomea Fusion, or the Company) (Nasdaq: BMEA), a clinical-stage diabetes and obesity company, today announced that … [+12051 chars];https://www.globenewswire.com/news-release/2026/03/14/3255846/0/en/Biomea-Fusion-Presents-Phase-II-COVALENT-111-Data-in-Type-2-Diabetes-at-the-19th-International-Conference-on-Advanced-Technologies-Treatments-for-Diabetes-2026.html;0;0;
21e5810409c577d7;news;London;2026-04-05T09:31:45Z;Independent champion for Armed Forces appointed as new team stands up;The UK’s first ever Armed Forces Commissioner has been appointed by the Defence Secretary John Healey MP.;"Independent champion for Armed Forces appointed as new team stands up. The UK’s first ever Armed Forces Commissioner has been appointed by the Defence Secretary John Healey MP. The UKs first ever Armed Forces Commissioner - Former Air Commodore Polly Miller-Perkins CBE has been appointed by the Defence Secretary John Healey MP. 
The appointment delivers on the governments … [+4168 chars]";https://www.gov.uk/government/news/independent-champion-for-armed-forces-appointed-as-new-team-stands-up;0;0;
67505479d7799e7e;news;London;2026-03-12T22:58:22Z;The Princess in Separates for London Engagements;"The Princess of Wales was in separates for engagements in London today. 

The Prince and Princess started their day at Borough Market, a popular produce and street food market. 

More from this People story.  
The couple started their morning at Trethowa…";"The Princess in Separates for London Engagements. The Princess of Wales was in separates for engagements in London today. 

The Prince and Princess started their day at Borough Market, a popular produce and street food market. 

More from this People story.  
The couple started their morning at Trethowa… The Princess of Wales was in separates for engagements in London today. 
The Prince and Princess started their day at Borough Market, a popular produce and street food market. 
More from this Peopl… [+9616 chars]";http://whatkatewore.com/2026/03/12/the-princess-in-separates-for-london-engagements/;0;0;
36819b3dca61e8e9;news;London;2026-04-08T12:04:19Z;Last chance! Four excellent London exhibitions close this weekend;;Last chance! Four excellent London exhibitions close this weekend. 🙌Awesome, you're subscribed! Thanks for subscribing! Look out for your first newsletter in your inbox soon! The best of London straight to your inbox We help you navigate a myriad of possibilities. Sign up for our newsletter for the best of the city. By entering your email address you agree to our Terms of Use and Privacy Policy and consent to receive emails from Time Out about news, events, offers and partner promotions. Awesome, you're subscribed! Thanks for subscribing! Look out for your first newsletter in your inbox soon! The best of London for free. Sign up for our email to enjoy London without spending a thing (as well as some options when you’re feeling flush). Déjà vu! We already have this email. Try another? By entering your email address you agree to our Terms of Use and Privacy Policy and consent to receive emails from Time Out about news, events, offers and partner promotions. London Exhibitions of Picasso, Turner, Constable and the UK’s finest emerging artists all finish on April 12 The arrival of spring means that there are loads of fabulous new art exhibitions on the horizon in London, with major shows on the likes of Francisco de Zurbarán, Henry Moore and James McNeil Whistler joining excellent recent openings including Hurvin Anderson at Tate Britain, Michaelina Wautier at the Royal Academy and Schiaparelli: Fashion Becomes Art at the V&A. But before all the shiny new openings, we must wave goodbye to the old ones. Some excellent exhibitions are set to close this weekend, and there’s a good chance you’ve been too busy scoffing Easter eggs, frolicking among the spring flowers and generally making the most of the first rays of sunlight we’ve seen this year to spend your weekends gallivanting around the capital’s art galleries. But you’ve not got long left to see some of the winter season’s best openings. Here’s what to catch this weekend, just in the nick of time. RECOMMENDED: The top 10 exhibitions in London. The greatest of rivals – and two of Britain’s greatest painters – JMW Turner and John Constable are placed side by side in this starry exhibition. Although both had different paths to success, they each became recognised as stars of the art world and shared a connection to nature and recreating it in their landscape paintings. Explore the pair’s intertwined lives and legacies and get new insight into their creativity via sketchbooks, personal items and must-see artworks. Advance tickets for the weekend are currently sold out, but there are still several ways you can see it. Join the waiting list for returns, book a ticket for Friday’s Exhibition Talk, which includes access to the show, or invest in a Tate membership to visit any time. Tate Britain. Closes Sunday April 12. £24 or free for members (£39 for the Exhibition Talk on Friday 10 April). An annual showcase of the UK’s finest emerging artists, New Contemporaries is this year staged at the South London Gallery. It featuring 26 artists working in a multitude of different disciplines, with work tackling such varied themes as dystopian futures, the climate crisis, industrialisation, gentrification, displacement, critical approaches to systems of power, digital technologies, mourning, remembrance, and loss. What this exhibition (predictably) lacks in cohesion, it makes up for in the raw talent and ambition evident in each of these nascent artists’ work. The fact that it’s housed in what, despite its deep history, is one of London’s most underrated art spaces is a further incentive to pay it a visit. South London Gallery. Closes Sunday April 12. Free. Picasso exhibitions might be ten a penny in London these days, but this one really stands out. Celebrating the centenary of one of the Spanish artist’s most iconic artworks, The Three Dancers, this exhibition explores Picasso’s fascination with performers – including dancers, bullfighters, musicians, acrobats and other entertainers – via more than 45 works ranging from paintings and sculpture to textile and works on paper, some of which are being exhibited in the UK for the first time. Visitors hoping to delve a little deeper can book onto a last-chance Picasso and Dinner event, where they’ll get a chance to hear paper conservator Charity Fox discussing the artist’s papier collé techniques before ending the evening with a French bistro-style dinner at the gallery’s L6 Restaurant. Tate Modern. Closes Sunday April 12. £15 or free for members (£72.50 for Picasso and Dinner experience). Every year, Tate Modern teams up with car manufacturer Hyundai for the prestigious Hyundai Commission, allowing one leading international artist to create a brand new, large-scale work for exhibition in the gallery’s cavernous Turbine Hall. This time round, the commission has been awarded to Sámi-Norwegian artist Máret Ánne Sara, who honours the reciprocal relationship between the indigenous Nordic people and the land and reindeer that they farm with Goavve-Geabbil, a maze-like piece of land art incorporating reindeer hides and skulls, electrical elements, LED lights and wooden fences. Pay a visit to the gallery any time until the weekend to check it out for yourself. Tate Modern. Closes Sunday April 12. Free. Also, Tate has announced its blockbuster 2027 London programme – with exhibitions on Monet, Hockney, Munch, Sonia Boyce, Thomas Gainsborough and more. First look: designs have been revealed for the National Gallery’s biggest ever revamp Get the latest and greatest from the Big Smoke – from news and reviews to events and trends. Just follow our Time Out London WhatsApp channel. Stay in the loop: sign up for our free Time Out London newsletter for the best of the city, straight to your inbox. Been there, done that? Think again, my friend. By entering your email address you agree to our Terms of Use and Privacy Policy and consent to receive emails from Time Out about news, events, offers and partner promotions. 🙌Awesome, you're subscribed! Thanks for subscribing! Look out for your first newsletter in your inbox soon! Popular on Time Out Popular on Time Out Discover Time Out original video Get us in your inbox By entering your email address you agree to our Terms of Use and Privacy Policy and consent to receive emails from Time Out about news, events, offers and partner promotions. 🙌 Awesome, you're subscribed! Thanks for subscribing! Look out for your first newsletter in your inbox soon! About us Contact us Time Out products;https://www.timeout.com/london/news/last-chance-four-excellent-london-exhibitions-close-this-weekend-040826;1;1;
983f7b3f5fa6374c;news;Rome;2026-03-23T00:03:31Z;How much was the Rome luxury hotel? #travel;New luxury hotel opens in Rome’s historic center Corinthia Rome has just opened in the heart of Rome’s historic district. The property occupies a former bank building and includes 60 guest rooms and suites , plus two restaurants and a bar . What’s new, and wh…;How much was the Rome luxury hotel? #travel. Corinthia Rome has just opened in the heart of Rome’s historic district. The property occupies a former bank building and includes 60 guest rooms and suites, plus two restaurants and a bar. The big draw for visitors is the setting: it’s located in a central, walkable area tied to Rome’s older neighborhoods, which can reduce the time and cost of getting to major sights compared with hotels farther out. Dining is also a selling point. The hotel’s food program is overseen by Milanese chef Carlo Cracco, which may matter for travelers who want an all-in-one experience—on-site meals and drinks without having to plan separate dining reservations. If you’re choosing where to stay in Rome, this kind of launch is useful timing information: new openings can sometimes bring promotional rates and packages (though specifics weren’t provided in the available summary). As with any fresh property, it may also attract travelers searching for “new hotel” stays rather than established brands. A former bank turned into a modern luxury base in central Rome—complete with a chef-led dining lineup—has opened under the Corinthia brand. For travelers prioritizing location and in-hotel dining, it’s a new option worth checking.;https://alltoc.com/travel/how-much-was-the-rome-luxury-hotel;1;1;
63bc60509deaeec0;news;Barcelona;2026-04-06T09:16:53Z;'We Can't Accommodate Any More Tourists,' Spanish Leftist Lawmaker Calls for Limits on Tourism;"Spanish lawmaker Alberto Ibáñez called for the imposition of strict controls to the nation's tourism industry to force it to reduce in scope during a Sunday interview with the Madrid-based Europapress.
The post ‘We Can’t Accommodate Any More Tourists,’ Spanis…";"'We Can't Accommodate Any More Tourists,' Spanish Leftist Lawmaker Calls for Limits on Tourism. Spanish lawmaker Alberto Ibáñez called for the imposition of strict controls on the nation’s inbound tourism industry to force it to reduce in scope during a Sunday interview with the Madrid-based Europapress. Ibáñez is a member of Compromís, a leftist Valencian regionalism coalition. The lawmaker stressed to Europapress that limiting Spain’s tourism industry is necessary, as he believes it has already made it “impossible to live” in cities like Alicante or Valencia. Europapress reports that Ibáñez recently submitted a request to the Spanish Congress to establish a parliamentary subcommittee to analyze the impact of tourism on people’s quality of life. The lawmaker told the outlet that the proposed subcommittee’s goal is to capture the “frustration” felt by the country’s tourist cities, and stressed that in many coastal cities, “residents are being pushed out so that neighborhoods can become tourist attractions.” He further told the outlet that more cruise ships and passengers arrive in Valencia than the city has residents, which is why he believes this activity must be limited, since, in his view, it greatly affects the city’s quality of life and “does not contribute” economically. “You close a bakery to open a locker rental or bike rental shop, with all the harm this causes the city,” Ibáñez said, and emphasized his support for “tourism degrowth” given this situation. “We say this without any hesitation,” he added. Ibáñez said that his leftist coalition presented the subcommittee proposal after the socialist government’s Secretary of State for Tourism appeared before Congress and “deeply disappointed us.” According to the lawmaker, her remarks failed to acknowledge the distress facing tourist cities in our country. “In the Valencian region, not only in coastal towns and cities, but particularly in cities like Valencia or Alicante, it is impossible to live. Residents are being pushed out so that the neighborhoods can become sets for tourists,” he said. “Therefore, it’s not just that we shouldn’t expand ports like Valencia’s, we need to limit the arrival of massive cruise ships,” he continued. “They pollute heavily and don’t contribute to the city’s economy.” “These are people who come down here and don’t know if they’re in Valencia, Seville, or Barcelona; they buy the same souvenir pin no matter where they are, and they spend no more than five euros on a beer,” he asserted. The lawmaker pointed out to the city of Benidorm as an example for his proposal. “It blows my mind. We don’t need more tourists; we can’t accommodate any more tourists. And we can keep denying this until the day comes when we walk through a neighborhood where there aren’t any residents left,” he said. Inquired by the outlet on what concerns his message advocating for a reduction in tourism might generate in cities where tourism plays a significant weight, Ibáñez argued that cities like Valencia “no longer live off tourism,” but rather “tourism lives off the city and is devouring it.” Ibáñez clarified to Europapress that this commitment to tourism degrowth cannot be achieved without “implementing an industrial restructuring plan that generates jobs and economic activity in the cities.” Please let us know if you're having issues with commenting. Copyright © 2026 Breitbart";https://www.breitbart.com/europe/2026/04/06/we-cant-accommodate-any-more-tourists-spanish-leftist-lawmaker-calls-for-limits-on-tourism/;1;1;
96fed954bd702909;news;Lisbon;2026-04-07T08:00:00Z;Preview: Sporting CP v Arsenal;Get team news, stats, TV coverage, a guide to our opponents and more before our Champions League quarter-final;"Preview: Sporting CP v Arsenal. Get team news, stats, TV coverage, a guide to our opponents and more before our Champions League quarter-final We begin our quest to reach successive Champions League semi-finals for the first time ever when we head to Portugal to face Sporting CP on Tuesday night (8pm UK).
While we head to the continent unb… [+8610 chars]";http://www.arsenal.com/news/preview-sporting-cp-v-arsenal-1;0;0;
db8267e0fb913182;news;Paris;2026-04-04 04:29:00;Le backlash: Emily in Paris effect divides French capital;From selfie‑taking fans in berets to angry residents, the city is grappling with the fallout from the hit Netflix series;Le backlash: Emily in Paris effect divides French capital. The young woman pushed her hand against the large Parisian front door as though to open it and posed for a photo, capturing her moment in the world of Emily in Paris. Then reality hit, as an elderly resident leaving the building opened the door from within and paused confused, the tourists peering in at him. The tourists were among the crowds who gather daily at sites made famous as filming locations in the hit Netflix series, which a recent study found was by far the most popular inspiration for tourists visiting Paris. The apartment and workplace of eponymous main character Emily Cooper, a young American sent to live in Paris for work, are marked on Google Maps as though they are real places (“a little dream come true”, a recent reviewer wrote). A small industry of Emily in Paris-themed tours brings fans to the sites, many in eye-catching outfits and colourful berets to create the perfect picture to share on social media. The phenomenon has divided Paris: a boon for local businesses, but an aggravation to some residents and a symbol of how tourism is pushing up prices for locals. Unprintable anti-Emily graffiti was recently scrawled across the shutters of a shop on the square, and the words “Emily not welcome” written on the wall of her apartment building. “The intrusion, the selfies, this Instagram carry on ... these attitudes can be extremely disrespectful and deeply offend the locals,” said Monika Siejka, an academic and lecturer at Paris-Saclay University. The tourists who “invade neighbourhoods not designed to handle this mass tourism, who stop to take countless selfies, who wear berets – it can be felt as a real intrusion in many neighbourhoods,” she said. “It’s not just Emily in Paris that’s associated with this – but the ‘Emily in Paris effect’ is very real.” A 2024 study of tourists by France’s national Centre of Cinematography found that 80 per cent had been inspired to visit by viewing films or series filmed in the city. Among them is a hard core: for one in 10, their main reason for visiting was a series or film they had seen, and among those Emily in Paris was the most cited inspiration by far. Standing on the picturesque square in the 5th arrondissement where Emily lives in the series was Bethany Brown, who had been surprised by her husband on Christmas day with a puzzle that came together to reveal the words “Beth in Paris”. “I think everybody thinks – I certainly think – god, that would be such a fun life to live,” said Brown (44), an interior designer. Inspired by the series, the couple travelled on the Eurostar from Britain and had just completed an Emily in Paris-themed tour. “I didn’t think it would be that popular, but at every spot we stopped at people were taking photos,” Brown said. Denisse Favela (36), the operator of a dress rental boutique in Mexico, was wearing a pink beret with matching lipstick. “I do identify with her. It’s every girl’s dream to live in Paris...to look like her,” Favela said enthusiastically. “It might not be realistic for everybody, to look that fashionable every day of your life, but it does give you an inspiration.” Businesses featured in the show are now mobbed. The boulangerie frequented by Emily in the series is besieged at all hours, and has embraced the development by adopting Emily-themed paper bags for their croissants and sandwiches. The restaurant next door features in the show as the workplace of Emily’s love interest, Gabriel. In reality it is an Italian joint operated by Sicilian Valerio Abate, a cinema enthusiast who adores the crowds. “Thank you to Netflix,” he said as yet another tourist held up her phone to take a photo of the restaurant. “Sometimes they ask if Gabriel is here. In general they’re joking. Maybe some really believe it,” Abate said. “Sometimes cinema and reality can get mixed up.” The first series of Emily in Paris was launched in 2020 and it became an escapist pandemic-era hit. When restrictions gave way to a post-Covid tourism boom, the crowds returned to Paris wearing berets. Hat sellers have noticed an uptick in sales of the traditional hat, which is worn by Emily in several episodes as part of her overtly colourful outfits. While berets have long been sold in France as souvenirs, some sellers are emphatic that they have been re-popularised among foreigners by Emily. “I think the tourists are doing it more. I think they want to take a photo with the beret in the spirit of Emily in Paris,” said Johanna Pinto, who makes and sells berets and other hats in her Odèle Paris boutique. She has noted an increase in beret sales to foreigners and attributes it to the series. “I don’t see it negatively,” Pinto said. “I think it’s cute and nice that a series inspires people to come.” Traditionally associated with the Basque Country of southern France and northern Spain before becoming a symbol of Parisian bohemianism, the berets are now marketed online by many companies as “Emily” hats. Groups of tourists in colour-co-ordinated berets now swamp the pavements of Paris, and any busy tourist spot in the city will be peppered with the hats. Not all of those wearing berets link their choice of headgear to Emily in Paris, with some saying they had been inspired by images on Instagram. Analysts see the phenomenon as part of a broader trend in tourism of visitors seeking to recreate viral images from social media. The volatile currency of virality can have unpredictable, distorting effects, causing long queues to form outside apparently innocuous cafes while an equally good place next door stands empty. Things that were once part of ordinary life in Paris, such as shopping at a fruit and vegetable market, have become commodified for tourists. “I know people who used to shop in their local market, but that’s become too expensive,” said Hannah Thompson, a French literature professor at Royal Holloway University of London. In parts of Paris, pains au chocolat pastries can be found for sale for the scandalous price of €6: a three-fold increase or more on the price locals might expect. “If shops and restaurants sense they can charge more to tourists, they’re going to do that, and that’s going to push up prices for the locals,” Thompson said. Emily in Paris has become a shorthand in Paris to refer to such issues. In the recent campaign to elect a Paris mayor, the series was referenced as a byword for out of touch privilege and inequality. “Rachida Dati wants Paris to be like an episode of Emily in Paris,” the socialist Emmanuel Grégoire said in a broadside against his main right-wing opponent in his final campaign speech. “But that’s not the reality of our city. That’s not its history ... we don’t want that cardboard city.” He was elected mayor. Thompson, the professor, notes that one telltale sign that Emily in Paris is an American view of the city is that the characters in it constantly take taxis rather than public transport. “It’s got this look, which is so out of out of step with the day-to-day reality of living in Paris, precisely because of its lack of acknowledgment of the housing crisis, economic tensions, homelessness, violence, just the everyday pressures of work and existence,” Thompson said. “But then again, it’s not a documentary is it? It’s supposed to be escapist fiction. It’s just important that people realise this is not Paris.” Lou, a native Parisian, lives something akin to a real version of Emily’s life. She is in her 20s and works in marketing in the city. “I think a lot of people came to Paris thinking that was how life worked and it’s not like that at all. You can’t just go to Paris and expect to live in a Hausmannian building,” Lou said. “It’s a cut-throat world.” The apartment depicted in the series was far too generously sized for someone working in Emily’s job, she said. “Her ‘chambre de bonne’,” a traditional maid’s quarters on the attic floor, “would be 6m² with a tap on the wall and a shared toilet outside.” Outside the famous apartment stood Chelle, who had travelled from the United States with her daughter to show her the city where she once studied as an exchange student. Why does the series have such appeal? “Things are really heavy right now in the world, right?” Chelle said. “It’s just such a breath of fresh air. It’s very colourful, and it’s sort of like an escape.” And not just for foreigners. When the fifth season of Emily in Paris was released in December, it immediately went to number two in the Netflix top 10 charts in France. The French-dubbed version features an Emily who, unlike in the original, speaks French to the other characters, albeit with a heavy US accent. “Let’s be honest, it’s a very successful series in France too,” said Siejka, the Paris-based academic. “It’s a bit of a guilty pleasure we don’t admit to.” © 2026 The Irish Times DAC;https://www.irishtimes.com/world/europe/2026/04/04/le-backlash-emily-in-paris-effect-divides-french-capital/;1;1;
80d627faad1df69d;news;Athens;2026-03-16T10:40:58Z;Brake on bookings and standstill in tourism, but Greece holds an advantage over the Eastern Mediterranean and Emirates – What industry experts predict;"Industry representatives believe the situation will clarify after Orthodox Easter and are betting on the fact that Greek tourism has demonstrated resilience in crises over the past years
The post Brake on bookings and standstill in tourism, but Greece holds a…";Brake on bookings and standstill in tourism, but Greece holds an advantage over the Eastern Mediterranean and Emirates – What industry experts predict. Last week in Crete, at Heraklion Airport, the first charter flight from Switzerland landed, with mid-March effectively marking the start of the season on the island for mass tourism. In fact, on the largest island destination in the Aegean, this year’s summer season begins slightly earlier than last year, with more flights from Germany and the United Kingdom—the two top inbound tourism markets for Greece—while on another popular destination starting alongside Crete, Rhodes, the first flights arrive in larger numbers in the last week of March. Europeans The summer season is therefore beginning now, with early indications for inbound tourism to the island destinations being generally positive. However, concern is present, as is the freeze in the flow of new bookings, more pronounced since last week due to developments in the Middle East. Tourism officials have repeatedly emphasized in recent days that it is too early to draw conclusions, suggesting that the picture will become clearer after Orthodox Easter. They advise calm at this stage, focusing on the “duration” of the geopolitical crisis, and note that Greek tourism has repeatedly proven its resilience in recent years, successfully responding to last-minute booking challenges. With everyone hoping that the new geopolitical crisis will end as soon as possible, current concern regarding the sector’s prospects for summer 2026—which contributed decisively to Greece’s current account balance with travel receipts exceeding €23.6 billion in 2025 (+9.4% versus 2024)—focuses on two main points regarding foreign visitors. First, whether the Middle East conflict will affect European wallets, the primary source of inbound tourism. Second, whether Americans—who prioritize the safety of their travel destinations and rank among the top 5 markets for Greece—will continue to visit, as they spend the most, travel long distances, and combine multiple destinations in the country. Bookings A first indication came last week from the president of the country’s largest airline, which since February 28, when the Middle East conflict began, has been dealing daily with cancellations, rescheduling, and refunds for travelers with planned trips to the region: “It is too early to predict what will happen and how long the crisis will last, whether for the coming weeks or the entire summer season,” AEGEAN President Eftychis Vassilakis said last Thursday. “By the end of the month, I expect we will have a clearer picture, as recent experience shows that the public needs a 3–4 week adjustment period,” he added, noting that the airline’s booking flow mirrors what happened four years ago when Russia invaded Ukraine: “We have an 8–10% decrease in bookings compared to previous weeks, a percentage that may normalize depending on future developments.” Hoteliers have also noticed a freeze in bookings in recent days, understandably causing concern. “Despite this, we must keep the positive agenda high because Greek tourism has shown remarkable resilience in crises,” says the President of the Hellenic Federation of Hoteliers, Giannis Chatzis, adding that in times of international uncertainty, “the worst thing is to get trapped in the noise of events beyond our control. It is important to work on what we can influence, and the most important is safeguarding our hotels’ competitiveness.” Along the same lines, the President of the Hellenic Chamber of Hotels, Alexandros Vasilikos, told THEMA that it is too early to form a clear trend, and the caution of international travelers is understandable as the global community weighs the situation without yet knowing the crisis’s duration. He also emphasizes the exceptional resilience of Greek tourism in recent years. Possible Scenarios In Crete, the first destination to begin the summer season, messages before February 28 were very positive, with a steady flow of new bookings, notes the President of the Heraklion Hoteliers Association, Nikos Chalkiadakis. However, “in recent days, the picture looks more frozen—the mood of travelers is not as good, and we now rely more on last-minute bookings for Easter. For summer, new bookings are being made but at much slower rates—the flow has been interrupted. Because we can also see online searches from potential travelers, we notice that demand exists as last year—and even more. Searches are being made, but the final ‘click’ for booking is not happening easily. So, we believe everything depends on the duration of the crisis.” Alpha Bank also focuses on the uncertain environment, analyzing potential scenarios stemming from a prolonged or expanded Middle East conflict, with implications at the macroeconomic level. “Increased uncertainty in the broader Mediterranean may affect Greek tourism, reducing arrivals, particularly via cruises. However, if the impact is limited to the Middle East, Greek tourism is likely to benefit, increasing market share over competing destinations, as observed during the Arab Spring in the early 2010s. In any case, Greek tourism has proven highly resilient during the pandemic, rebounding rapidly after the lockdowns’ severe negative effects, recording new historical highs in recent years, and increasing its share of global arrivals.” In the near term, the first impacts of the war on Greek tourism relate to daily management of bookings and cancellations. “Every day, we manage issues with paid airline tickets and hotels canceled due to developments in the Middle East. For hotels, we mostly succeed in keeping vouchers open, and refunds are more difficult. However, we don’t yet know whether travelers will have the psychology to visit nearby destinations immediately,” says Maria Alifragki, CEO and co-owner of Signature Travel. European destinations continue to hold demand, albeit at slower rates, “so we hope the situation stabilizes as soon as possible.” The Question Mark Looking at inbound tourism for the coming period, based on data collected by members of the FEDHATTA Travel Agencies Federation, the market has indeed frozen, but there is no indication yet of a disruption in tourist flows to Greece. Market mobility is expected to become clearer during Orthodox Easter, when demand traditionally increases from core source markets such as Europe, the U.S., and other international markets. A question mark arises for tourism from Israel, one of the most dynamic inbound markets, which feeds all of Greece—islands, mainland, and both major urban centers—and is known for quick recovery. In 2025, Israel ranked 8th among international markets for the country’s largest airport, “Eleftherios Venizelos,” recording the highest percentage increase, +25% compared to 2024 in direct international passenger traffic to and from Athens, despite flight suspensions in June 2025. In Thessaloniki, a city with significant Israeli traffic, the tourism outlook currently appears unaffected, says Andreas Mandrinos, President of the Thessaloniki Hoteliers Association: “Overall, Thessaloniki remains upward at this time. We do not see notable cancellations from the Israeli market currently.” The Outlook for Summer Looking ahead to the Greek summer, tourism experts believe Greece has all the prerequisites—starting with increased air connectivity—to be among the top European destinations again. However, the season’s trajectory now depends on the intensity and duration of the Middle East crisis, which inevitably affects traveler sentiment. In terms of preparation, the balance favors the sector when considering increased connectivity compared to the (very good) 2025, with additional seats offered by major tour operators, such as Jet2.com and Jet2holidays from the U.K., providing the largest program ever for Greece this year with more than 3.5 million seats across 15 Greek airports and 23 destinations, including lesser-known ones to the British market such as Kalymnos, Symi, the Saronic Islands, Pieria, and Samos. From Germany, Greece’s top inbound market, TUI reports “strong demand for the summer season,” and Alltours confirms bookings “significantly above 2025 levels.” On the other hand, Middle East developments could disrupt this picture at any time. For example, a Barclays survey shows a sharp drop in consumer confidence in the U.K., other European markets, and the U.S. following geopolitical developments. The public still wants to spend on leisure, travel, wellness, and experiences, but balancing quality and price and prudent spending will remain central. Energy costs are the greatest concern, with over 4 in 5 (82%) worried that the war will raise fuel prices, energy bills (81%), and inflation (78%). Food prices worry 76%, supply chain disruptions 70%, and economic slowdown 69%. These concerns are mirrored by domestic tourism operators, particularly regarding whether Europeans will cut back on travel spending this summer. European wallets play a decisive role, as five markets alone (Germany, U.K., France, Italy, and Spain) contribute nearly half (48%) of total inbound tourism revenue, according to the Bank of Greece. For the American market, this year’s planning shows flights to and from the U.S. during the summer will exceed previous records, surpassing last year’s peak of 103 weekly direct flights. Additionally, U.S. airlines plan to start summer routes earlier this year: Delta from Atlanta 20 days ahead, United from Chicago, Delta from Boston, and American from Charlotte, NC. The question is whether these airlines will secure sufficient occupancy and demand from Americans, who contributed €1.72 billion to Greece’s travel receipts last year. Another broader aspect under discussion is whether tourism markets across Europe—and beyond—will absorb any redistribution of demand, whether in luxury travel or mid-to-lower-income segments, with the Western Mediterranean gaining more ground versus the Eastern. The World Travel & Tourism Council (WTTC) estimates losses at $600 million per day in the travel and tourism sector across the Middle East from international visitor spending, as air transport disruptions, reduced traveler confidence, and connectivity issues limit demand. The Middle East is crucial for global travel, representing 5% of international arrivals and 14% of global transit, as major hubs—Dubai, Abu Dhabi, Doha, and Bahrain—normally handle around 526,000 passengers daily. Here, another factor touches Greek tourism: even if travel volumes are smaller, Middle Eastern airports serve distant destinations without direct flights to Athens, such as Australia. Explore related questions Follow en.protothema.gr on Google News and be the first to know all the news See all the latest News from Greece and the World, the moment they happen, at en.protothema.gr;https://en.protothema.gr/2026/03/16/brake-on-bookings-and-standstill-in-tourism-but-greece-holds-an-advantage-over-the-eastern-mediterranean-and-emirates-what-industry-experts-predict/;1;1;
478655e609cb06fa;news;London;2026-03-30T12:10:45Z;The 5 London suburbs that visitors are told to ‘avoid’ – here’s why they’re worth visiting;The Telegraph says that tourists should steer clear of Croydon, Harlesden, Edmonton, Anerley and Surbiton;The 5 London suburbs that visitors are told to ‘avoid’ – here’s why they’re worth visiting. 🙌Awesome, you're subscribed! Thanks for subscribing! Look out for your first newsletter in your inbox soon! The best of London straight to your inbox We help you navigate a myriad of possibilities. Sign up for our newsletter for the best of the city. By entering your email address you agree to our Terms of Use and Privacy Policy and consent to receive emails from Time Out about news, events, offers and partner promotions. Awesome, you're subscribed! Thanks for subscribing! Look out for your first newsletter in your inbox soon! The best of London for free. Sign up for our email to enjoy London without spending a thing (as well as some options when you’re feeling flush). Déjà vu! We already have this email. Try another? By entering your email address you agree to our Terms of Use and Privacy Policy and consent to receive emails from Time Out about news, events, offers and partner promotions. London The Telegraph says that tourists should steer clear of Croydon, Harlesden, Edmonton, Anerley and Surbiton No area of London is the same. Some are littered with trendy bars, others stick to more traditional pubs. Some are built up and chaotic, others are calm and full of greenery. Whether you’re in the centre or the suburbs, each postcode has its own distinct character. Now, the Telegraph has weighed in on which London suburbs are better than the rest. The paper listed its top 10 suburbs, which included Wimbledon Village, Dulwich Village, Southall and Amersham. But it also named five places that it says people should give a miss. And we beg to differ. Don’t get us wrong, we know these places by no means perfect. But they certainly don’t deserve to be written off altogether. Here’s the case for each area that the Telegraph says ‘still give the suburbs a bad name’. The Telegraph’s main criticism of Anerly is that it ‘has a station and not much else’. But a two minute walk from that station you’ll find one of London’s greatest bakeries, Chatsworth Bakehouse, which is reason enough to pay the place a visit. On the same road, there’s Gipsy Hill’s micro-bar The Douglas Fir and on the other side of town there’s Marlow Fish Bar, a 60-year-old family run joint known for serving the best fish and chips in the south of the city. Croydon really gets a bad rap. It featured on the Telegraph’s list for its ‘decimated shopping centre and soaring crime’. However, the paper does acknowledge that it once had ‘oodles of promise’. We’d argue that there are plenty of places in the suburb worth exploring. Wander down Surrey Street Market, which dates back to the 13th century, stop by Matthew’s Yard for some live comedy or open mic nights, pop into Pollock’s Toy Museum to see playthings of yore, or take yourself and a group of friends to The Ludoquist to choose from thousands of boardgames. According to the Telegraph, Edmonton is simply ‘a sprawl of chicken shops and gang crime’. As with any area of London, there are parts where you should keep your wits about you but Edmonton does have plenty of things going for it. Namely, there’s Millfield Theatre which puts on a diverse programme of drama, dance, musicals, comedy, cabaret, live music and children’s theatre. There’s also mammoth superclub Drumsheds, which is constantly hosting sets from the biggest names in dance music. A little outside of town, you have the gigantic Tottenham Hotspur Stadium, which offers plenty more than just football. There’s the F1 go-karting experience beneath the pitch and the Dare Skywalk that takes you 42 metres above it. The diverse community of Harlesden means that it’s home to loads of glorious eateries that take you on a trip around the globe. Award-winning One Stop specialises in jerk chicken, Yadgar serves Afghan and Pakistani cuisine and is considered a local gem, Alma’s cafe has a counter full of traditional Swedish goodies and Arponnar is known for its excellent menu of authentic Burmese food. There’s also the beautiful Hindu temple Shri Swaminarayan Mandir (aka Neasden Temple) that’s worth checking out, and the expansive Roundwood Park. The Telegraph said that Surbiton should be avoided because it hasn’t changed much since the 1970s. Sure, it’s not a particularly buzzy or youthful area, but Surbiton’s a very pleasant place to be if you’re after somewhere green and calm. Claremont Gardens, Fishpond Park, Raeburn Open Space and The Wood and Richard Jefferies Bird Sanctuary are all lovely spots for a moment of peace and fresh air. ICYMI: 7 London neighbourhoods are the UK’s best places to live in 2026. Get the latest and greatest from the Big Smoke – from news and reviews to events and trends. Just follow our Time Out London WhatsApp channel. Stay in the loop: sign up for our free Time Out London newsletter for the best of the city, straight to your inbox. Been there, done that? Think again, my friend. By entering your email address you agree to our Terms of Use and Privacy Policy and consent to receive emails from Time Out about news, events, offers and partner promotions. 🙌Awesome, you're subscribed! Thanks for subscribing! Look out for your first newsletter in your inbox soon! Popular on Time Out Popular on Time Out Discover Time Out original video Get us in your inbox By entering your email address you agree to our Terms of Use and Privacy Policy and consent to receive emails from Time Out about news, events, offers and partner promotions. 🙌 Awesome, you're subscribed! Thanks for subscribing! Look out for your first newsletter in your inbox soon! About us Contact us Time Out products;https://www.timeout.com/london/news/the-5-london-suburbs-that-visitors-are-told-to-avoid-heres-why-theyre-worth-visiting-033026;1;1;
4fa00520051edc99;news;Paris;2026-03-11T17:00:00Z;Rexel: 2025 UNIVERSAL REGISTRATION DOCUMENT INCLUDING THE 2025 ANNUAL FINANCIAL REPORT MADE AVAILABLE;2025 UNIVERSAL REGISTRATION DOCUMENT INCLUDING THE 2025 ANNUAL FINANCIAL REPORT MADE AVAILABLE  Rexel’s 2025 Universal Registration Document, including the...;"Rexel: 2025 UNIVERSAL REGISTRATION DOCUMENT INCLUDING THE 2025 ANNUAL FINANCIAL REPORT MADE AVAILABLE. 2025 UNIVERSAL REGISTRATION DOCUMENT INCLUDING THE 2025 ANNUAL FINANCIAL REPORT MADE AVAILABLE  Rexel’s 2025 Universal Registration Document, including the... 2025 UNIVERSAL REGISTRATION DOCUMENT INCLUDING THE 2025 ANNUAL FINANCIAL REPORT MADE AVAILABLE
Rexels 2025 Universal Registration Document, including the annual financial report for the 2025 financi… [+2311 chars]";https://www.globenewswire.com/news-release/2026/03/11/3254051/0/en/Rexel-2025-UNIVERSAL-REGISTRATION-DOCUMENT-INCLUDING-THE-2025-ANNUAL-FINANCIAL-REPORT-MADE-AVAILABLE.html;0;0;
da9c6846db43dbed;news;Paris;2026-04-03T01:00:00Z;‘Simplicity is OK:’ What Italy’s Olympics taught organizers of Utah’s 2034 Winter Games;Lessons learned from Milan-Cortina Games come amid high expectations for Utah’s next Olympics;"‘Simplicity is OK:’ What Italy’s Olympics taught organizers of Utah’s 2034 Winter Games. Lessons learned from Milan-Cortina Games come amid high expectations for Utah’s next Olympics One of the most lasting lessons organizers of Utahs 2034 Winter Games learned during Italys Olympics may have come from seeing some paper plates proudly displayed on a wall in a Milan classroom.
The… [+12563 chars]";https://www.deseret.com/utah/2026/04/02/what-milan-cortina-italy-olympics-taught-organizers-of-utahs-2034-winter-games/;0;0;
e19868373aa0ea2b;news;London;2026-04-03T10:27:22Z;From zero waste to social impact, here’s how and where to ‘dine consciously’ in London;Green dining is often associated with farm-to-tables in idyllic countryside locations. While less commonly associated with big cities, urban centers are hubs for creativity and innovation, as Alicia Erickson finds out on a food hop across London’s pioneering …;"From zero waste to social impact, here’s how and where to ‘dine consciously’ in London. Green dining is often associated with farm-to-tables in idyllic countryside locations. While less commonly associated with big cities, urban centers are hubs for creativity and innovation, as Alicia Erickson finds out on a food hop across London’s pioneering bars and restaurants. On a spring afternoon, I sat at a wooden table inside e5 Bakehouse, watching grain being ground in a mill just a few feet from behind glass walls. Behind the scenes, bakers were using the fresh-milled flour to make sourdough loaves. My lunch—grilled eggplant and zucchini over hummus and topped with sprigs of dill and thick-cut sourdough—was created from ingredients sourced nearby. It was a simple reminder: Food doesn’t begin in the kitchen. It begins in the land and the systems that shape what we grow and how it reaches our plates. The restaurant industry has long been associated with excess—discarded food, single-use plastics, and global supply chains. In the UK alone, the hospitality sector generates nearly one million tons of food waste each year. Meanwhile, food systems account for close to one third of global greenhouse emissions, and soil health continues to decline under intensive farming practices. But food doesn’t have to be part of the problem. Increasingly, how and what we eat is changing. Restaurants and cafés are becoming spaces for creativity, innovation, and reconnection to seasons and places. Conscious dining, which centers locally and responsibly grown and sourced products, is often associated with farm-to-fork restaurants away from city life. So how does that philosophy translate to a dense global hub? London may be one of the world’s largest cities, but it’s also one of its greenest. Nearly half its acreage is parks, woodlands, marshes and waterways, and these landscapes are inspiring chefs, bakers and restaurateurs to rethink how the city eats and drinks. During recent visits to the city where I once completed my Master’s—and have often returned to—I began exploring the question: Can conscious dining really thrive here? And if so, what shape does it take? Last spring, I wandered over to Flat Earth Pizza, a neighborhood favorite for vegetarian and vegan pizzas. The Bethnal Green restaurant in east London—a bright, minimalist space with chalk signs and a wall of natural wines—was just picking up for the evening. Pizza may be one of the world’s most globalized foods, but here, the ingredients tell a more local story. Over a seasonal broccolini and ricotta pizza and the KFM—Flat Earth’s signature Korean-inspired pizza topped with oyster mushrooms, piquillo peppers and gochujang—I spoke with owners Rich Baker and Sarah Brading about foraging, the challenges of running independent restaurants in an expensive city, and whether pizza be built around local agriculture rather than global supply chains and greasy meats. “Once you start milling flour yourself, you realize bread doesn’t begin in the bakery. It begins in the soil.” - Ben MacKinnon, founder, e5 Bakehouse Creativity, hard work, and collaborating with community organizations is at the heart of it. The pizza menu is shaped by seasonal goods, and the wine list represents female producers. Vegetables are sourced from nearby regenerative farms, including growers at North London’s Forty Hall Organic Farm and Hackney’s Growing Communities. Surplus produce is fermented or pickled to extend its longevity. And rather than importing the flour from Italy, dough is made from organic, heritage grain flour sourced from the UK. “It’s so difficult for many people to understand where ingredients come from,” said Rich. [Since time of research, Flat Earth has announced it is closing, its last day Wednesday 22 April 2026] Speaking of localizing flour, just a short walk away across London’s Regent’s Canal, is e5 Bakehouse, a London Fields institution that mills its own grain. e5 sources heritage wheat varieties from small British farms–including its own space, Fellows Farm in Suffolk—and mills the flour on site. Heritage wheats, grown before industrial hybridization became widespread in the mid-20th century, are often more flavorful and nutrient-dense. “Once you start milling flour yourself, you realize bread doesn’t begin in the bakery. It begins in the soil,” said Ben MacKinnon, e5’s founder. Beyond e5’s legendary sourdough, the rotating lunch menu at each of its three locations—Hackney, Poplar, and V&A East Storehouse—centers seasonal, locally sourced produce. A small selection of fruits and vegetables, as well as local cheeses, are for sale, so customers can bring local products home. Elsewhere in east London, chefs are bringing the growing process closer to the plate. At Brunswick East, a café and bakery run by sisters Shaunae England and Natasha Bacon, vegetables, greens, and herbs are harvested from a rooftop garden above the kitchen. On a gray winter’s afternoon, rows of pots and flower trees sprouting yuzu, bergamot, and radicchio rosa lined a greenhouse overlooking Dalston. When warmer weather arrives, so do tomatoes, chilis, cucumbers, and lesser-known herbs, including lemon verbena and blackcurrant sage. Brunswick’s Sky Farm is home to 60 vegetable planters, 30 fruit trees, and a greenhouse, growing mostly heirloom and commercially extinct varieties. Nearly every part of the plant is used—leaves to flowers to young seed pods—inspiring the pastries, house-concocted beverages, and seasonal plates, like homemade yoghurt infused with elderflower, roasted beet salad sandwiches, and rhubarb bellinis. “The Sky Farm connects us to the whole growing cycle of our produce,” said Bacon. “For me, it’s symbolic of what can happen when you start to look at space differently. Our Sky Farm started with the conversion of a commercial bin shed in the courtyard. A dead space, reimagined.” Brunswick’s earth-friendly philosophy extends beyond menu-sourcing: Making their own cheese and yoghurt, using natural cleaning products, and reducing waste by eliminating cling film and using biodegradable baking paper. On March 8th last year, I stopped by Luminary Bakery in Stoke Newington, north London, for a weekend tea after a hand-drawn ‘Happy International Women’s Day’ sign and a window filled with cakes topped with seasonal flowers caught my attention. I found out the bakery was established to help disadvantaged women. “Luminary supports women who are often furthest from the job market,” explained managing director Claire Holton. “Many have experienced domestic abuse, homelessness, incarceration, or sexual exploitation.” Luminary offers baking training, employability skills, mentoring, and emotional support, with participants gaining experience in a commercial bakery before moving into apprenticeships or hospitality jobs across London. “It’s about rebuilding confidence, community, and independence,” said Holton. “Baking is simply the vehicle we use to help women rediscover their strengths and step back into the world of work.” Conscious dining in London extends beyond green policies, and into socially impactful models as well. Across the city, initiatives like Social Bite and Change Please are using food and coffee as vehicles to support people experiencing homelessness through cafés and coffee carts. These pioneering ideas aren’t confined to bakeries and neighborhood cafés. In recent years, London’s fine dining scene has also begun embracing zero waste, regenerative sourcing, and plant-forward cooking. Later that week, I grabbed a cup of turmeric chai at Trampoline Café and sat down with Dale Bentley, the initiative’s Head of Operations. Tucked into the Royal College of Nursing off Cavendish Square, it’s an innovative space selling teas, coffees, and curries. The bright yellow accents on the walls tell stories of its background: To support refugees and asylum seekers. Having worked with asylum seekers in the UK and refugees across East Africa and South Asia, this mission hit close to home. Many refugees arrive in the UK with a strong skillset yet face barriers to finding work. Trampoline Café’s founder Pranav Chopra sought to change this; first, by starting an initiative for refugees to sell chai at London markets, which evolved into social enterprise NEMI teas, and eventually the launch of Trampoline in 2022. “Trampoline Café exists to empower refugees to find meaningful employment through hospitality training programs and paid work experience,” said Bentley. “We aim to overcome these challenges by upskilling in readiness for employment, improving overall confidence, and building a strong sense of community inclusion.” These pioneering ideas aren’t confined to bakeries and neighborhood cafés. In recent years, London’s fine dining scene has also begun embracing zero waste, regenerative sourcing, and plant-forward cooking. One of the earliest pioneers was Silo, the Hackney Wick restaurant known for its zero-waste philosophy. The restaurant was largely considered to be the first zero-waste restaurant in the world, a concept that involves adopting dozens of practices from eliminating plastic to sourcing of producing to upsourcing waste. Although Silo closed its doors in late 2025, there are plans to host a series of traveling pop-up dinners that continue to share its zero waste policies. In Mayfair, Michelin Green Star restaurant Apricity, led by chef Chantelle Nicholson, builds its menus around responsibly sourced and foraged British ingredients and a circular kitchen philosophy. To complement its existing system, the Michelin Guide implemented the green star system in 2020 to recognize restaurants leading the industry in ethical and environmental standards. At Apricity, foraged ingredients—from wild herbs to coastal greens to magnolias—shapes both its à la carte and tasting menus with dishes such as smoked carrot tart over black barley and Chalk Stream trout drizzled in basil and lime sauce. Across town in Old street Shoreditch, Plates takes another approach. Chef and cofounder Kirk Haworth’s plant-based tasting menu—inspired by his own health journey— explores what sustainable fine dining can look like through a vegan lens: “The future involves cleaner soil health and more purposeful plates of food,” commented Haworth. Haworth highlights seasonal British produce in dishes that prioritize both flavor and environmental impact, including barbequed Maitake mushrooms over a black bean mole and Cornish potatoes paired with toasted hazelnut and apricot. In 2025, Plates became the first vegan restaurant in the UK to be awarded a Michelin star. Despite the momentum behind these ideas, running an environmentally or socially driven restaurant in London is far from easy, with high costs, small spaces, and steep competition among the greatest challenges facing independent restaurateurs. The Natural Philosopher, a Hackney cocktail bar centering foraged ingredients in rotating libations, recently closed, partly due to rising costs, making sustaining an independent establishment challenging. “Cities tend to reward convenience and scale, while local and seasonal food systems are often smaller, slower and sometimes unpredictable,” said e5’s MacKinnon. Brunswick East’s owners mirror this sentiment. “None of these systems operate on the scale of London’s massive food supply chains,” said Bacon. “But taken together, they represent something quietly radical: A group of kitchens attempting to shorten the distance between soil and city plate.” And many culinary professionals say that cities like London are uniquely suited to these experiments, where creativity and community run high. Dense neighborhoods allow restaurants to build close relationships with growers, bakers, and customers. And diners, increasingly curious about the origins of their food, are willing to support businesses that align with those values. Across the city, I’d experienced versions of the same idea in rooftop gardens and neighborhood bakeries, all rethinking how ingredients are sourced and used. Pop-up supper clubs for Palestine, bread baked by refugees at farmer’s markets, and community gardens running permaculture workshops. London’s creative spirit is the perfect foundation for these types of projects to take root. Conscious dining in London doesn’t look like a dinner in the lush countryside. It exists behind the scenes and in smaller, improvised spaces. The concept is continually evolving, but the idea that food is more than something to consume—that it carries impact and connection—is woven into the story of each space. Everywhere I look, more of these stories are taking root. Want to visit any of the restaurants, venues and initiatives visited and mentioned by the writer? Forty Hall Organic Farm – Certified organic farm in Enfield, north London Growing Communities – Community-led organisation in Hackney, north-east London, feeding urban communities in a fair, sustainable way Brunswick East – Brunch, speciality coffee, bakery and a rooftop farm in Dalston and Hackney Downs, northeast London e5 Bakehouse – Artisan sourdough bakery, cafés and baking school with a community focus in Hackney, Poplar and the V&A East Fellows Farm – 70-acre organically certified farm in Suffolk, part of the e5bakehouse Luminary Bakery – Social enterprise-meets-bakery in Stoke Newington, north London Social Bite – Homelessness charity with coffee shops in Scotland and London Change Please – Coffee shops training people experiencing homelessness Trampoline Café – Helping London’s refugee community integrate, train and become independent citizens through hospitality NEMI teas – London-based speciality tea brand training and employing refugees (same team as Trampoline Café) Silo – Zero-waste restaurant (now closed) with plans to host pop-up dinners Apricity – Michelin Green Star restaurant in Mayfair, central London Plates – First vegan restaurant in the UK to be awarded a Michelin star (Shoreditch, east London) Akub restaurant – Palestinian restaurant and supper clubs in Notting Hill, west London Breadwinners – Employs refugees to sell organic artisan bread at farmers’ markets in London and Brighton The Garden of Earthly Delights – Community garden & educational grassroots project in Hackney Central **** Adventure.com strives to be a low-emissions travel publication. We are powered by, but editorially independent of, Intrepid Travel, the world’s largest travel B Corp, who help ensure Adventure.com maintains high standards of sustainability in our work and activities. You can visit our sustainability page or read our Contributor Impact Guidelines for more information. Alicia Erickson covers stories on food, sustainability, culture, and political uprisings—and often can be found at the crossroads of them all. She’s on the road most of the time, but calls the Pacific Northwest, East Africa, and the Himalayas 'home.' Alicia is most intrigued by wild places and the conservation of the planet’s ecosystems and species. Can't find what you're looking for? Try using these tags:";https://adventure.com/conscious-dining-london-green-dining/;1;1;
5b5ebf873c9a9c04;news;Paris;2026-03-26 21:33:30;With an Anticipated Second Park Announcement Imminent, One Disney Park Appears Ready to Build a Second EPCOT;Since its grand opening in 2016, Shanghai Disneyland has defied expectations, rapidly becoming one of the most successful and technologically advanced gems in the Disney Parks portfolio. From the record-breaking heights of the Enchanted Storybook Castle to th…;;https://insidethemagic.net/2026/03/leaked-photos-show-possible-second-park-at-shanghai-disneyland-that-looks-like-a-second-epcot-rl1/;0;0;
d23a4c670665013b;news;London;2026-03-28T18:03:25Z;Do I need to leave UK transit zone? #travel;Travelers connecting through London Heathrow with a short layover may wonder whether they must clear border control again—especially when the layover is only a few hours. In the situation described, the traveler has a Nicaraguan passport and a 4 hour layover …;Do I need to leave UK transit zone? #travel. Travelers connecting through London Heathrow with a short layover may wonder whether they must clear border control again—especially when the layover is only a few hours. In the situation described, the traveler has a Nicaraguan passport and a 4-hour layover in the UK. Whether you need to leave the transit area depends on the type of visa/entry status you hold and the specifics of your itinerary (for example, whether you are considered “transiting” without entering the UK). What matters most for trip planning is to confirm two things before you fly: Because the provided story only frames the question and does not state the outcome or the governing rule applied to that exact passport, it’s safest to check official UK entry/transit guidance for your circumstances and to verify with your airline ahead of departure. That way, you can avoid the risk of missing your next flight due to unexpected immigration queues. If you want to narrow it down fast when searching, include the keywords “Heathrow transit zone leave” plus your passport nationality and layover length. Many travelers find that the answer turns on whether you’re allowed to remain in the transit area without clearing immigration, rather than on the layover duration alone.;https://alltoc.com/travel/do-i-need-to-leave-uk-transit-zone;1;1;
9ae4515f9eb5df3f;news;Paris;2026-04-09T13:50:37Z;Here Are the World’s Most Visited Museums in 2025—Some Might Surprise You;;Here Are the World’s Most Visited Museums in 2025—Some Might Surprise You. Metropolitan Museum of Art (Photo: ubeyonroad via Unsplash) The latest rankings of the world’s most visited museums in 2025 show a clear shift in global cultural influence. While the Louvre Museum in Paris remains firmly in the top spot, institutions across Asia are rapidly rising, new museums are drawing massive crowds, and audience expectations are reshaping what a museum visit looks like today. In an annual visitor-numbers survey compiled by The Art Newspaper, the figures show that the Louvre continues to lead with around 9 million visitors, reinforcing its status as a cultural landmark. Coming in second place with 6.9 million visitors is the Vatican Museums in Vatican City. But beyond these familiar frontrunners, the data reveals an evolving museum landscape. The Museo Nacional de Antropología in Mexico City, for instance, had 5 million visitors in 2025—a 36% increase over its 2024 patronage. A larger trend that can be gleaned from this data is that museums across Asia are climbing the rankings, reshaping the geography of global culture. Leading this shift is the National Museum of Korea in Seoul, which is third overall with 6.5 million visitors in 2025. This is a more than 70% increase from 2024, when the museum had about 3.8 million visitors. The Art Newspaper points out that other branches of the National Museum throughout Korea have also experienced a significant increase in attendance. They theorize that worldwide interest in Korean culture may be a contributing factor. Another Asian museum within the top 10 and doing better than the prior year is the Shanghai Museum East. It debuted in 2024 with 4.2 million visitors but has gained more foot traffic in 2025 with about 4.5 million visitors. Other major state-funded institutions also continue to expand their reach through large-scale exhibitions and free admission policies. Japan is seeing similar momentum. The Tokyo National Museum (2.58 million visitors) and new contemporary spaces like teamLab Planets TOKYO (2.52 million visitors) are benefiting from both domestic tourism and international interest. Even as Asia rises, major Western institutions remain deeply influential. The British Museum (6.4 million visitors) and the Metropolitan Museum of Art (5.9 million visitors) continue to rank among the most visited globally, drawing millions with their encyclopedic collections and blockbuster exhibitions. The 2025 rankings point to a broader expansion of the global museum landscape. Institutions are no longer defined solely by their collections, but by how effectively they engage increasingly diverse and mobile audiences. As museums continue to evolve the distinction between destination, experience, and cultural institution, it becomes less fixed. The world’s most visited museums are not just preserving history—they are actively shaping how it is encountered. You can see the full list of the world’s 100 most visited museums compiled on Airtable. Louvre Museum (Photo: Courtney Cook via Unsplash) Crowd of tourists walking through the Vatican Museums (Photo: IgorVetushko/Depositphotos) National Museum of Korea (Photo: [email protected]/Depositphotos) The British Museum (Photo: Rabih Ramadan via Unsplash) The Metropolitan Museum of Art (Photo: bloodua/Depositphotos) This Is the Best City for Art and History Museums in the World (And It’s Not in Europe or the U.S.) Brooklyn Museum To Host Stunning Selection of Modernist Masterpieces This Fall BIG’s Pavilion Design of a Contemporary Art Museum in China Will Soon Open Its Doors Laser-Cut Cube Immerses Visitors in Light and Pattern at the Seattle Asian Art Museum Receive our Weekly Newsletter. We’re also on Pinterest, Tumblr, and Flipboard. Want to advertise with us? Visit My Modern Met Media. Visit Our Store Celebrating creativity and promoting a positive culture by spotlighting the best sides of humanity—from the lighthearted and fun to the thought-provoking and enlightening. Celebrating creativity and promoting a positive culture by spotlighting the best sides of humanity—from the lighthearted and fun to the thought-provoking and enlightening.;https://mymodernmet.com/worlds-most-visited-museums-2025/;1;1;
c7f68a3a73478607;news;Paris;2026-04-06T12:07:26Z;Something’s cooking between Samsung and Europe’s hottest AI startup;Much of the AI discourse tends to focus on Google, OpenAI and Anthropic, the entities behind Gemini, ChatGPT and Claude, respectively, who are all based in the United States. There are others based elsewhere that are also pushing above their weight. This incl…;"Something’s cooking between Samsung and Europe’s hottest AI startup. Much of the AI discourse tends to focus on Google, OpenAI and Anthropic, the entities behind Gemini, ChatGPT and Claude, respectively, who are all based in the United States. There are others based elsewhere that are also pushing above their weight. This incl… Much of the AI discourse tends to focus on Google, OpenAI and Anthropic, the entities behind Gemini, ChatGPT and Claude, respectively, who are all based in the United States. 
There are others based… [+1196 chars]";https://www.sammobile.com/news/somethings-cooking-between-samsung-and-europes-hottest-ai-startup/;0;0;
c6431309e4127831;news;Barcelona;2026-04-05T06:00:00Z;Special nights at the Bernabéu;Bayern will travel to the legendary Estadio Santiago Bernabéu once again on 7 April for the first leg of their Champions League quarter-final tie with Real Madrid. The stadium has been the site of so...;Special nights at the Bernabéu. Bayern will travel to the legendary Estadio Santiago Bernabéu once again on 7 April for the first leg of their Champions League quarter-final tie with Real Madrid. The stadium has been the site of so... Bayern will travel to the legendary Estadio Santiago Bernabéu once again on 7 April for the first leg of their Champions League quarter-final tie with Real Madrid. The stadium has been the site of so… [+5217 chars];https://fcbayern.com/en/news/2026/04/bayerns-special-nights-at-the-bernabeu-real-madrid;0;0;
72478a0517add3ab;news;Athens;2026-03-16 10:40:58;Brake on bookings and standstill in tourism, but Greece holds an advantage over the Eastern Mediterranean and Emirates – What industry experts predict;"Industry representatives believe the situation will clarify after Orthodox Easter and are betting on the fact that Greek tourism has demonstrated resilience in crises over the past years
The post Brake on bookings and standstill in tourism, but Greece holds a…";Brake on bookings and standstill in tourism, but Greece holds an advantage over the Eastern Mediterranean and Emirates – What industry experts predict. Last week in Crete, at Heraklion Airport, the first charter flight from Switzerland landed, with mid-March effectively marking the start of the season on the island for mass tourism. In fact, on the largest island destination in the Aegean, this year’s summer season begins slightly earlier than last year, with more flights from Germany and the United Kingdom—the two top inbound tourism markets for Greece—while on another popular destination starting alongside Crete, Rhodes, the first flights arrive in larger numbers in the last week of March. Europeans The summer season is therefore beginning now, with early indications for inbound tourism to the island destinations being generally positive. However, concern is present, as is the freeze in the flow of new bookings, more pronounced since last week due to developments in the Middle East. Tourism officials have repeatedly emphasized in recent days that it is too early to draw conclusions, suggesting that the picture will become clearer after Orthodox Easter. They advise calm at this stage, focusing on the “duration” of the geopolitical crisis, and note that Greek tourism has repeatedly proven its resilience in recent years, successfully responding to last-minute booking challenges. With everyone hoping that the new geopolitical crisis will end as soon as possible, current concern regarding the sector’s prospects for summer 2026—which contributed decisively to Greece’s current account balance with travel receipts exceeding €23.6 billion in 2025 (+9.4% versus 2024)—focuses on two main points regarding foreign visitors. First, whether the Middle East conflict will affect European wallets, the primary source of inbound tourism. Second, whether Americans—who prioritize the safety of their travel destinations and rank among the top 5 markets for Greece—will continue to visit, as they spend the most, travel long distances, and combine multiple destinations in the country. Bookings A first indication came last week from the president of the country’s largest airline, which since February 28, when the Middle East conflict began, has been dealing daily with cancellations, rescheduling, and refunds for travelers with planned trips to the region: “It is too early to predict what will happen and how long the crisis will last, whether for the coming weeks or the entire summer season,” AEGEAN President Eftychis Vassilakis said last Thursday. “By the end of the month, I expect we will have a clearer picture, as recent experience shows that the public needs a 3–4 week adjustment period,” he added, noting that the airline’s booking flow mirrors what happened four years ago when Russia invaded Ukraine: “We have an 8–10% decrease in bookings compared to previous weeks, a percentage that may normalize depending on future developments.” Hoteliers have also noticed a freeze in bookings in recent days, understandably causing concern. “Despite this, we must keep the positive agenda high because Greek tourism has shown remarkable resilience in crises,” says the President of the Hellenic Federation of Hoteliers, Giannis Chatzis, adding that in times of international uncertainty, “the worst thing is to get trapped in the noise of events beyond our control. It is important to work on what we can influence, and the most important is safeguarding our hotels’ competitiveness.” Along the same lines, the President of the Hellenic Chamber of Hotels, Alexandros Vasilikos, told THEMA that it is too early to form a clear trend, and the caution of international travelers is understandable as the global community weighs the situation without yet knowing the crisis’s duration. He also emphasizes the exceptional resilience of Greek tourism in recent years. Possible Scenarios In Crete, the first destination to begin the summer season, messages before February 28 were very positive, with a steady flow of new bookings, notes the President of the Heraklion Hoteliers Association, Nikos Chalkiadakis. However, “in recent days, the picture looks more frozen—the mood of travelers is not as good, and we now rely more on last-minute bookings for Easter. For summer, new bookings are being made but at much slower rates—the flow has been interrupted. Because we can also see online searches from potential travelers, we notice that demand exists as last year—and even more. Searches are being made, but the final ‘click’ for booking is not happening easily. So, we believe everything depends on the duration of the crisis.” Alpha Bank also focuses on the uncertain environment, analyzing potential scenarios stemming from a prolonged or expanded Middle East conflict, with implications at the macroeconomic level. “Increased uncertainty in the broader Mediterranean may affect Greek tourism, reducing arrivals, particularly via cruises. However, if the impact is limited to the Middle East, Greek tourism is likely to benefit, increasing market share over competing destinations, as observed during the Arab Spring in the early 2010s. In any case, Greek tourism has proven highly resilient during the pandemic, rebounding rapidly after the lockdowns’ severe negative effects, recording new historical highs in recent years, and increasing its share of global arrivals.” In the near term, the first impacts of the war on Greek tourism relate to daily management of bookings and cancellations. “Every day, we manage issues with paid airline tickets and hotels canceled due to developments in the Middle East. For hotels, we mostly succeed in keeping vouchers open, and refunds are more difficult. However, we don’t yet know whether travelers will have the psychology to visit nearby destinations immediately,” says Maria Alifragki, CEO and co-owner of Signature Travel. European destinations continue to hold demand, albeit at slower rates, “so we hope the situation stabilizes as soon as possible.” The Question Mark Looking at inbound tourism for the coming period, based on data collected by members of the FEDHATTA Travel Agencies Federation, the market has indeed frozen, but there is no indication yet of a disruption in tourist flows to Greece. Market mobility is expected to become clearer during Orthodox Easter, when demand traditionally increases from core source markets such as Europe, the U.S., and other international markets. A question mark arises for tourism from Israel, one of the most dynamic inbound markets, which feeds all of Greece—islands, mainland, and both major urban centers—and is known for quick recovery. In 2025, Israel ranked 8th among international markets for the country’s largest airport, “Eleftherios Venizelos,” recording the highest percentage increase, +25% compared to 2024 in direct international passenger traffic to and from Athens, despite flight suspensions in June 2025. In Thessaloniki, a city with significant Israeli traffic, the tourism outlook currently appears unaffected, says Andreas Mandrinos, President of the Thessaloniki Hoteliers Association: “Overall, Thessaloniki remains upward at this time. We do not see notable cancellations from the Israeli market currently.” The Outlook for Summer Looking ahead to the Greek summer, tourism experts believe Greece has all the prerequisites—starting with increased air connectivity—to be among the top European destinations again. However, the season’s trajectory now depends on the intensity and duration of the Middle East crisis, which inevitably affects traveler sentiment. In terms of preparation, the balance favors the sector when considering increased connectivity compared to the (very good) 2025, with additional seats offered by major tour operators, such as Jet2.com and Jet2holidays from the U.K., providing the largest program ever for Greece this year with more than 3.5 million seats across 15 Greek airports and 23 destinations, including lesser-known ones to the British market such as Kalymnos, Symi, the Saronic Islands, Pieria, and Samos. From Germany, Greece’s top inbound market, TUI reports “strong demand for the summer season,” and Alltours confirms bookings “significantly above 2025 levels.” On the other hand, Middle East developments could disrupt this picture at any time. For example, a Barclays survey shows a sharp drop in consumer confidence in the U.K., other European markets, and the U.S. following geopolitical developments. The public still wants to spend on leisure, travel, wellness, and experiences, but balancing quality and price and prudent spending will remain central. Energy costs are the greatest concern, with over 4 in 5 (82%) worried that the war will raise fuel prices, energy bills (81%), and inflation (78%). Food prices worry 76%, supply chain disruptions 70%, and economic slowdown 69%. These concerns are mirrored by domestic tourism operators, particularly regarding whether Europeans will cut back on travel spending this summer. European wallets play a decisive role, as five markets alone (Germany, U.K., France, Italy, and Spain) contribute nearly half (48%) of total inbound tourism revenue, according to the Bank of Greece. For the American market, this year’s planning shows flights to and from the U.S. during the summer will exceed previous records, surpassing last year’s peak of 103 weekly direct flights. Additionally, U.S. airlines plan to start summer routes earlier this year: Delta from Atlanta 20 days ahead, United from Chicago, Delta from Boston, and American from Charlotte, NC. The question is whether these airlines will secure sufficient occupancy and demand from Americans, who contributed €1.72 billion to Greece’s travel receipts last year. Another broader aspect under discussion is whether tourism markets across Europe—and beyond—will absorb any redistribution of demand, whether in luxury travel or mid-to-lower-income segments, with the Western Mediterranean gaining more ground versus the Eastern. The World Travel & Tourism Council (WTTC) estimates losses at $600 million per day in the travel and tourism sector across the Middle East from international visitor spending, as air transport disruptions, reduced traveler confidence, and connectivity issues limit demand. The Middle East is crucial for global travel, representing 5% of international arrivals and 14% of global transit, as major hubs—Dubai, Abu Dhabi, Doha, and Bahrain—normally handle around 526,000 passengers daily. Here, another factor touches Greek tourism: even if travel volumes are smaller, Middle Eastern airports serve distant destinations without direct flights to Athens, such as Australia. Explore related questions Follow en.protothema.gr on Google News and be the first to know all the news See all the latest News from Greece and the World, the moment they happen, at en.protothema.gr;https://en.protothema.gr/2026/03/16/brake-on-bookings-and-standstill-in-tourism-but-greece-holds-an-advantage-over-the-eastern-mediterranean-and-emirates-what-industry-experts-predict/;1;1;
890bb45f412d0718;news;London;2026-03-21T05:29:00Z;Nick Cave: ‘How did I stay so young? Twenty years of drug addiction and a good face cream’;The singer, an artist for the ages, on living with grief, attending the Oscars and enjoying ‘that mad, loony energy of the Irish’;Nick Cave: ‘How did I stay so young? Twenty years of drug addiction and a good face cream’. The singer, an artist for the ages, on living with grief, attending the Oscars and enjoying ‘that mad, loony energy of the Irish’ I cant see Nick Cave. The Australian singer is talking from his home in London, favouring the telephone because he is convalescing from the flu. The whole of London is infected with this thing, he sa… [+12901 chars];https://www.irishtimes.com/culture/music/2026/03/21/nick-cave-how-did-i-stay-so-young-twenty-years-of-drug-addiction-and-a-good-face-cream/;0;0;
6a43a1306617c7a7;news;Paris;2026-03-21T19:18:59Z;We Saw The Animatronic Olaf, and We’ll Be Thinking About It Forever;There are so many characters to meet in Disneyland Paris' new Disney Adventure World, and don't miss this show in World of Frozen!;We Saw The Animatronic Olaf, and We’ll Be Thinking About It Forever. There are so many characters to meet in Disneyland Paris' new Disney Adventure World, and don't miss this show in World of Frozen!;https://www.disneyfoodblog.com/2026/03/21/we-saw-the-animatronic-olaf-and-well-be-thinking-about-it-forever/;1;1;
557f5390dd78a095;news;Rome;2026-03-30 17:55:42;Chiorino also resigns as Piedmont councilor (3);Elena Chiorino on Monday resigned as a councillor in the centre-right Piedmont regional government after last week stepping down as deputy governor over her involvement in a Rome restaurant owned by the daughter of the convicted frontman for Rome's top Nea...…;;https://www.ansa.it/sito/notizie/sport/tennis/2026/03/30/chiorino-also-resigns-as-piedmont-councilor-3_dd15cdb7-302f-4fc3-8af8-bb20f267a991.html;0;0;
25cd7595c26e62f8;news;Athens;2026-03-17 05:45:17;Tourism: Travel demand for Greece stable despite the crisis in the Middle East;"Bookings from the British market to Greece continue to move at stable levels, despite the military developments in the Middle East. At the same time, Greece remains the second choice…
Tourism: Travel demand for Greece stable despite the crisis in the Middle E…";Tourism: Travel demand for Greece stable despite the crisis in the Middle East. Το πληρέστερο portal ψυχαγωγίας. Σινεμά, Θέατρο, Γεύση, Citylife, Εικαστικά, Βιβλίο, Ταξίδι, Ευζωία, Διατροφή Αγγελίες εργασίας & recruitment software. Όλες οι δυνατότητες σε μία συνδρομή. Διοργάνωση εκδηλώσεων με τη σφραγίδα του κύρους & της αξιοπιστίας της Ναυτεμπορικής. Εξειδικευμένα ατομικά & ενδοεπειχειρησιακά σεμινάρια και μακροχρόνια προγράμματα επαγγελματικής κατάρτισης. Μπείτε στον κόσμο των προνομίων της Ναυτεμπορικής. Γίνετε συνδρομητής στην έντυπη έκδοση και αποκτήστε άμεση πρόσβαση σε όλα τα Premium Services. Καθημερινή πρωινή ενημέρωση στο inbox σας! This message was broadcast during a British Airways conference entitled “Destination Partnership Day”, which was held at the company’s headquarters at London’s Heathrow Airport on March 12 This message was broadcast during a British Airways conference entitled “Destination Partnership Day”, which was held at the company’s headquarters at London’s Heathrow Airport on March 12. The event was aimed at national tourism organisations, airline partners and representatives of the wider tourism industry and aimed to inform participants about the latest developments, commercial priorities and strategic directions of British Airways, while at the same time providing substantial opportunities for networking and exchanging views with leading players in the British market. During the event, specialized presentations were made by senior executives of British Airways from the areas of sustainability, commercial policy, marketing, operations, strategy and business planning, while there was also the participation of VisitBritain on market trends and the tourism promotion work of the United Kingdom. Particular mention was made of the effects of the crisis in the Middle East, which, despite the fact that it has not yet significantly affected the British tourism market, seems to mark a period of ultra last minute bookings pending developments in the international environment. As the national British airline and leading player in the British aviation market, British Airways has maintained a particularly significant presence in Greek tourism over time, while at the same time, through British Airways Holidays, it also operates dynamically as a tour operator, offering high-value and quality holiday packages, with particular emphasis on destinations that appeal to a high-income audience, as the average package amounts to 3,000 British pounds. Greece recorded a particularly positive course in the company’s network in 2025, with an increase in passenger traffic by 13.1% compared to 2024. In January, Greece showed a 5% increase in both revenue and booking volume, with most Greek islands recording a positive annual change, while the performance was particularly encouraging in the key months of the summer program. British Airways operates flights throughout the year to Athens, steadily increasing its flight operations to Greece over the last years. During the summer 2025, the company operated up to 148 weekly flights from London Heathrow, London Gatwick and London City airports to 14 Greek destinations, offering approximately 751,000 seats, compared to 671,000 during 2024 summer.;https://www.naftemporiki.gr/english/2086488/tourism-travel-demand-for-greece-stable-despite-the-crisis-in-the-middle-east/;1;1;
5ba3b984f1c27487;news;Paris;2026-03-16 00:00:00;A French road trip through the landscapes that inspired Monet, Van Gogh, and Cézanne;"Ever look at a famous painting and think, ""I wish I could go there""? This itinerary trades museum queues for a visit to Monet's misty cliffs and Van Gogh's golden fields.";"A French road trip through the landscapes that inspired Monet, Van Gogh, and Cézanne. Ever look at a famous painting and think, ""I wish I could go there""? This itinerary trades museum queues for a visit to Monet's misty cliffs and Van Gogh's golden fields. For anyone who’s ever stood in front of a famous painting and thought, “I wish I could go there, not just see this,” this trip is your ticket into the frame. Instead of shuffling past the work of Impressionist artists Claude Monet, Vincent van Gogh, and Paul Cézanne under museum lighting, this 696-mile (1,120 km) road trip through France take art aficionados to the real places behind the paintings—from Monet’s Channel (English Channel) ports and Normandy fog to Van Gogh’s Provençal nights, and Cézanne’s mountain (Mont Sainte-Victoire) outside Aix. Road trippers will feel as if they are standing where the famous artists set up their easels. At their own pace, travelers and art lovers can walk through each masterpiece, tracing a modern painting along cliff paths, riverbanks, studio doorways, and a few easels of your own. Why go: The birthplace of ImpressionismOn the Normandy coast, where the River Seine meets the sea, Le Havre is a briny port of call that also happens to be the birthplace of Impressionism. Claude Monet grew up sketching this harbor town, its cranes, and tides as his daily backdrop. In November 1872, he set up his easel in a hotel overlooking the basin and painted the port from his window. Still waves, ship masts, cranes, and a round orange sun pushing through the mist just before dawn. He called it, “A simple canvas that would lend its name to an artistic legacy.” The original now hangs in Paris at the Musée Marmottan Monet, but you can still chase that sunrise in Le Havre. Follow local advice and head to the quays before dawn, standing roughly where Monet once looked out as the basin shifts from gray to copper. The port has modernized, yet the silhouettes of cranes, ferries, and container ships against the sky feel close to that first impression. Just along the waterfront, the Musée d’Art Moderne André Malraux (MuMa) brings the harbor to life indoors. Paintings of ports and coastlines by Eugéne Boudin, Camille Pissarro, and Claude Monet show how the same view can evolve through different eyes. Step back outside, and the estuary, Sainte-Adresse beach, and the working port suddenly line up with what you’ve just seen in the galleries, as if the city itself has slipped into the frame. Why go: Monet’s sea cliffsDrive north, and Le Havre’s cranes give way to fields sloping toward the sea; within an hour, the chalk wall of the Côte d’Albâtre rises ahead, dropping you straight into “Étretat, la Manneporte, reflets sur l’eau.” On the clifftop path at Étretat, the scene literally paints itself—the huge arch of the Manneporte, the needle rock, the Channel's deep blue color below. Follow the coast to reach Fécamp, a postcard port town tucked between a sheer chalk wall and a sweep of pebble beach. Monet painted at least 22 works here, including ""The Beach at Fécamp"" and “The Sea at Fécamp.” Stand on the stones, and it’s easy to picture him trudging out from a little house, with an easel and paintbox under his arm. The outlines in those paintings are still here—same beach, same sea—just as he depicted them. Today, painter Sophie Justet creates art where Monet once worked. Born in Fécamp, she has been an artist for over 30 years and describes herself as “a painter of light and color.” For her, “the Norman lights hold an intense emotional power… each light is attached to a memory.” Her plein-air (open-air) sessions start in her studio and move out to the cliffs, beaches, and Les Petites Dalles. She brings the materials; you bring warm layers and curiosity. The goal is simple: “to enjoy yourself and to take away a unique view,” she tells students. From Étretat and Fécamp to Le Havre and Dieppe, these Impressionist paths—scenic walking trails in France that allow people to visit the actual sites painted by 19th-century Impressionist artists—turn the coast into an open-air gallery. Walking along the GR21 trail is one of the best ways to experience the coast; it takes you through clifftop views and pebble beaches seen in many famous seascapes. Why go: Harbor of paintersCross the Seine estuary, and you drift into Honfleur, a harbor town cupped gently around the Vieux-Bassin, its size modest, but its place in art history is anything but modest. Known as Cité des Peintres (the city of painters), Honfleur is where Impressionist artists Eugène Boudin was born, J.M.W. Turner sketched the harbor, Johan Jongkind worked, and where a young Monet watched and learned. Painters traded canvases and ideas, and traveling artists often paid their bills in brushstrokes. On the hill above town, a modest farmhouse inn, Ferme Saint-Siméon, served as a kind of informal atelier or workshop for Boudin, Jongkind, Baudelaire, and later Monet. Today, it’s a polished hotel, but if you step into the garden and turn back toward town, you can almost see Boudin’s ""La Ferme Saint-Siméon, environs de Honfleur” (1856) come to life, with villagers gathered on the grass beneath leaning trees by a thatched farmhouse—all under a soft, summer sky. Local watercolorist Laurent Le Roy grew up with that legacy. “In Honfleur, every old family has paintings on the walls,” he says. “After the Impressionists came, the locals started painting too.” His classes, held in the hotel gardens, along the harbor, or at the chapel of Notre-Dame de Grâce, are part lesson, part local storytelling. After a session, the town starts to feel like one big outdoor gallery. The Musée Eugène Boudin features artwork full of skies and estuary light you’ve just seen outside, and the trail Sur les pas des peintres (In the footsteps of the painters) winds past quays and hilltop overlooks marked with reproductions hung exactly where the original canvases were painted. (Top 10 museums and galleries in the world) Why go: Monet's home and gardenLeaving the English Channel (known in France as La Manche) behind, road trippers continue on to follow the road as it bends inland past flat fields, poplar trees, and willow-fringed loops of the Epte and the Seine rivers toward Giverny, where Monet spent the last four decades of his life. His house and gardens feel instantly familiar—green Japanese bridge, lily pond, flower-packed paths—like stepping straight into the paintings you’ve seen on museum walls. “Giverny is one of the most well-preserved Impressionist sites,” says Charlène Potier of the Musée des Impressionnismes Giverny. “Many elements present in Claude Monet’s paintings are now found almost identically in the landscape of Giverny today.” To really follow the paintings, Potier points visitors toward quieter paths like the Sentier des Vignettes, a trail above the village that looks back over rooftops, fields, and rows of poplars that still echo Monet’s early Giverny canvases. Up there, you get what she calls “beautiful views over the Seine valley, away from the rush on Rue Claude Monet.” Back in the village, the museum’s own garden sits on the same ground where Monet created some of his most famous scenes. Depending on the season, the last field blazes with red poppies or golden stacks of hay, vividly recreating his “Meules (Haystacks)” motif in real time. After exploring the museum and gardens, catch the sunset at Sainte-Radegonde Church and pay your respects to the artist at Monet’s grave, which overlooks the valley he painted time and again. From March 27, 2026, through the end of the year, the museum marks the centenary of his death with the exhibition, ""Avant les Nymphéas. Monet découvre Giverny (1883-1890),"" bringing his early Giverny works back to the village and publishingLe Petit Giverny de Claude Monet, a pocket guide mapping likely easel spots so you can literally walk the paintings. (An art deco lover’s guide to Paris) Why go: Van Gogh’s ProvenceAfter tracing Monet’s Normandy, follow the path of Impressionism south as the brush lands in Van Gogh’s hands, trading soft sea greys for fierce yellows and deep blues. In Arles, you can still sit under the yellow awning of the café from “Café Terrace at Night” on Place du Forum—the same square where he once set up his easel. A short walk away, a marker on the Rhône embankment shows the viewpoint for “Starry Night Over the Rhône.”A few streets away, the Fondation Vincent van Gogh Arles provides art lovers with a deeper understanding of this city’s connection to the famous artist. “[It was] created to explore the living resonance of Van Gogh’s legacy through contemporary art,” says curator Pierre Collet. Exhibitions pair his motifs of cafés, quays, and fields with contemporary work so visitors sharpen their eye for color, contrast, and rhythm. Collet notes, “[Arles] is not a preserved museum city” but “a living laboratory of artistic creation.” To go deeper, the local company À la française runs small-group “Van Gogh in Provence” tours from Avignon. Guides trace a loop from Arles to Saint-Rémy ,and to Espace Van Gogh, the old hospital whose courtyard still mirrors “The Garden of the Hospital in Arles.” Then, the road climbs into the Alpilles mountain range to Monastery Saint-Paul de Mausole, the psychiatric hospital where Van Gogh was admitted. Director Frédérique Henry says the most powerful moments often happen on a footpath behind the asylum, in the olive groves at the base of the Alpilles, where the light and wind feel unchanged since the 1880s, the instant the real landscape suddenly becomes the painting. (How to plan the perfect French Riviera tour by train.) Why go: Follow in Cézanne’s footstepsAfter tracing Monet’s coasts and Van Gogh’s fields, Aix-en-Provence feels like the final brushstroke. An hour east of Arles, the road runs right into the real-life muse of “Montagne Sainte-Victoire.” The limestone ridge signals that you’ve crossed into Cézanne country. In Aix, his beloved mountain, painted more than 60 times, is never far from view. You’re not just in his hometown; you’re standing inside his favorite subject. “Aix is the birthplace and lifelong anchor of Cézanne, where he lived, studied, worked, and painted his Provençal motifs,” Tourism director Michel Fraisset describes. “The city offers a direct link between the man, his environment, and the evolution of his artistic journey.” Instead of one big museum, the history of the artist is scattered across studios, estates, and hillsides, many of them freshly restored under the Cézanne 2025 centenary program. In the historic center, brass “C” studs in the pavement mark the Sur les pas de Cézanne trail, leading to a visual journey past his schools, family addresses, and favorite cafés. From there, the route climbs to the Atelier des Lauves, his final studio, a modest room that feels like stepping straight into his work, located on the hill above town. Across town, Cézanne’s family estate, the Bastide du Jas de Bouffan, restored its gardens and park to the 19th-century charm of his early landscapes. Beyond the city, the Bibémus quarries and Jardin des Peintres serve as an outdoor gallery, featuring reproductions of his Sainte-Victoire canvases alongside the real mountain. Fraisset notes these sites allow visitors to ""observe, photograph, and contemplate the link between art and nature by simply standing still and looking."" In Aix, art isn’t only something you look at, it’s something you create. In the old town, local artist Catherine Moullé’s carnet de voyage classes turn the city into inspiration in your sketchbook. She leads visitors to fountains, façades, and café terraces, and asks them simply to sit. “Travel sketching is about learning to look,” she says. For a deeper dive into Cézanne’s motifs, the Paul Cézanne Academy offers plein-air workshops around Sainte-Victoire, Bibémus, and the pines of Le Tholonet. Founder Chantal Gavriel calls them a way to engage with Cézanne’s landscapes in a meaningful, hands-on way, for beginners and experienced painters alike. Small groups set up where the mountain rises exactly as it does in his most beloved paintings. Gavriel hopes people leave with more than a finished canvas, but a quieter, more attentive way of seeing the Provençal light that shaped Cézanne and, in many ways, modern art itself. Copyright © 1996-2015 National Geographic SocietyCopyright © 2015-2026 National Geographic Partners, LLC. All rights reserved";https://www.nationalgeographic.com/travel/article/impressionist-road-trip-france;1;1;
12bbef7da20f8c13;news;London;2026-03-19T14:38:00Z;These sensual images capture queer London at its most intimate;Exhalation, a new photography exhibition by Alexander Elkholm, explores the ‘the power of softness’ and the body as a form of communication;"These sensual images capture queer London at its most intimate. Read the latest issue of Dazed for free Alexander Elkholm is the only queer artist I’m aware of whose practice is shaped by karate. “I did it for ten years as a child. It’s a very controlled form of movement, and it’s all about maximising potential: how fast can you kick, how balanced can you move?”, they tell me over a coffee in the Dazed office. After hanging up their keigogi for the last time, they later found a similar, but more liberating, release in dancing. “When I dance, I can understand emotions that I didn’t even know I had. It’s become one of my main mediums, and the way that bodies move is very prominent in my work.” Their debut solo show, Exhalation, launches tonight at Algha’s Plantroom, London. Their work carries a kind of balletic elegance, bodies not sparring but embracing; backs arched and limbs entwined; a sense of poise and coiled energy. Ekholm first moved to London three years ago, which they describe as a “very expansive experience”. After training in industrial design, they began to practice visual art and photography (one of their early commissions was a project shooting WHOLE Festival for Dazed). Exhalation is partly a celebration of the London queer community where they have found a sense of belonging, capturing its moments of intimacy, tenderness, vulnerability and ecstasy. Intended to communicate different facets of the same message, the 28 images which make up the exhibition are split into three sections: captured intimacy, personal intimacy and constructed intimacy. Combining digital and film photography, some of the shots were taken in a studio, some at high-octane queer parties and others at Ekholm’s homes (one stand-out image, depicting a close friend emerging from the ocean beneath a vivid blue sky, was taken in Greece). There is also an abstract work – created by capturing the embers of a flame through a long exposure – which Ekholm describes as integral to the meaning of the exhibition. “It’s an abstract depiction of how I see my own worldview: this soft wave of calm, and a lot of black, which is essentially the unknown. In life, there are moments of peak energy when we’re incredibly happy – when we travel, or we get a new job – but the base level [for me] is this peace.” These images are erotic, and in some cases explicitly so (some of the penises on display wouldn’t pass the BBC’s apocryphal Mull of Kintyre test), but they carry an air of tranquillity and calmness rather than lurid titillation. “The message is about the power of softness,” they tell Dazed. “It almost reflects my spiritual beliefs. If you let everyone be who they are without interfering too much, we will have much more peace and everyone will be much happier. I think the exhibition comes together under that.” The exhibition features very few faces, which is a deliberate omission. “A face tells such a strong story, and eyes dictate what you're allowed to feel. This exhibition is instead about the body as a form of communication, because bodies can't lie in the same way.” All of the subjects featured are queer people, some of whom Ekholm was friends with before, some of whom he became friends with during and after the process of shooting them. Even when they did have a prior relationship with their subject, however, they didn’t want that to intrude upon the work. Instead, they want to capture an unvarnished, spontaneous and immediate kind of intimacy. “I don't want to interfere with what’s happening,” they say. “One of my guiding principles [as an artist] is that I don’t disturb the energy. I want to bring out the most authentic expression in people and make them feel comfortable and relaxed. Even when there’s a narrative, or it’s a pre-constructed image, I don't want the emotions to be constructed.” In addition to their history in dance and karate, Ekholm is strongly inspired by sound and music. “I think sound is the best medium, because it's so intuitive and it's instantly emotive; you know what you feel when you hear something. So electronic music is a strong influence,” they say. Most of the contemporary work they’re inspired by, across different mediums, is concerned with the body: they cite contemporary fashion designers like Michaela Stark, design collective playbody, the latex wear designer Abi Gotgrove and her “her architectural abstraction of desire and attraction, visual artist Hezen and DJs like Juliana Huxtable and DJ Fashion”. “I draw influence from all the people I encounter who actively utilise their body and embrace bodily intelligence, from the people I've been fortunate enough to meet and the community I have found a home in,” they say. Exhalation captures that community in all its sweaty, sensuous glory. Alexander Elkholm’s Exhalation is showing at Algha’s Plantroom, London, from 11am to 8pm on 20 March 2026. The private view is on 19 March from 6.30pm to 9.30pm. Get must-see stories direct to your inbox every weekday. Privacy policy Thank you. You have been subscribed Merrell Get must-see stories direct to your inbox every weekday. Privacy policy Thank you. You have been subscribed";https://www.dazeddigital.com/art-photography/article/69934/1/alexander-elkholm-exhalation-queer-photography-exhibition-london?utm_source=Link&utm_medium=Link&utm_campaign=RSSFeed&utm_term=these-sensual-images-capture-queer-london-at-its-most-intimate;1;1;
1ef39f60962f580c;news;Paris;2026-04-03T02:00:00Z;This & That: April 3, 2026;The books are plentiful, and an array of genres – art is frequently a focus, a real-life mystery that took place in London, an authorized biography of a long-time beloved public figure, a new approach to thinking well, and a cookbook full of delicious (and me…;"This & That: April 3, 2026. The books are plentiful, and an array of genres – art is frequently a focus, a real-life mystery that took place in London, an authorized biography of a long-time beloved public figure, a new approach to thinking well, and a cookbook full of delicious (and me… Thank you for reading TSLL. The first two posts are complimentary. You have 1 free post view remaining this month. Become a Member for as little as $4/mo and enjoy unlimited reading of TSLL blog.
Th… [+21525 chars]";https://thesimplyluxuriouslife.com/ttapr226/;0;0;
a34ecaef88a363a5;news;Rome;2026-04-08T19:00:00Z;Rome’s non-Catholic cemetery: A quiet alternative to crowded sights;;"Rome’s non-Catholic cemetery: A quiet alternative to crowded sights. This side of the Testaccio neighbourhood a lot more Roman than the Rome people talk about / Getty Enchanting, ethereal, eternal – Rome is many things, but cheap it is not. Yet native Rory Buccheri knows a quiet, compelling (and totally free) area of the city, found in the most surprising place. A Vespa moped roaring out of sight is the only noise rippling through the otherwise quiet cypress-laden street. Soon, I am left alone with the sound of my footsteps on crunchy gravel to accompany me through iron gates. Tucked into one of Rome’s quietest yet picturesque neighbourhoods lies the Cimitero Acattolico, Rome’s oldest non-consecrated cemetery, where poets, artists and foreign adoptees of the Eternal City have found their final resting place. When I was 16, this was the spot I came to escape the crowds. It’s incredible, almost 15 years later, to think that this place is only a few Metro stops away from the buzz of the Colosseum. I have always found this side of the Testaccio neighbourhood a lot more Roman than the Rome people talk about: it has those slightly rundown cafes with plastic chairs and tables outside, populated by old men on their lunch breaks smoking and laughing. They do so under the eye of the Pyramid of Gaius Cestius, which has watched over the area since 12BC. But the star of the neighbourhood is the cemetery. The minute I cross the gates, I feel like time has stopped here. There is a coin box with a sign showing a suggested donation in lira, last used in 1999. Scribbled hastily on top is the equivalent in euros. But even then, this is not an entry ticket – and the meagre sum can’t compare to the NZ$50 or more that it takes to visit the magnificent statues and artworks that adorn the Vatican Museums and Sistine Chapel on the other side of town. Every piece of art in the cemetery is made to commemorate, and be enjoyed by, people. And the first people I want a word with are the ones who, in life, have made words their universe. I learn from the groundskeeper that this place was formed in 1716, when Pope Clement XI granted the exiled members of the Stuart royal family permission to be buried in a dedicated space. As Protestants could not be buried on sacred ground, a new cemetery had to be built. What was first nicknamed the “English Cemetery” was soon populated by dozens of expats of any, all or no religious affiliation. Neatly inscribed on a tomb is the oldest date I can find: 1738. George Langton, an Oxford student on his grand tour of Europe, is the cemetery’s earliest documented grave. Sadly, he is also one of the youngest, as he died aged 22. The people I came to visit are mostly English-born, adopted Roman citizens who met an untimely death in my native Italy. By the time I make my way towards the back of the cemetery, I wonder how many have come here for this very reason, and maybe gave up before reaching a slightly hidden tomb, lying flat on the ground and unadorned by tall marble angels, weeping in sorrow. No pomp is given to Percy Bysshe Shelley, the poet and philosopher who died off the coast of Livorno in 1822. Instead, his tomb is decorated by a verse from Shakespeare’s The Tempest, and a simple inscription: “Cor Cordium”, Heart of Hearts. It is rumoured that when Shelley’s body was put on the funeral pyre, his heart would not burn. Following the same narrow path, I’m treated to big, ornate monuments erected for nobility and important persons from all corners of the world. Extravagant designs and expensive Carrara marble are the custom. August Von Goethe, son of the famous German writer; English painter Joseph Severn; and Russian painter Karl Bryullov reside here among many others. Despite the low-tech entry, the cemetery’s website has a neat database where you can research the tombs by code or name, and find out the history of the people buried here, and how they came to be eternal citizens of Rome. I climb a set of stairs to an open space enclosed within a tall hedge. There are lots of people buried on this eastern corner, but their tombs are sun-kissed, away from the thick foliage of the main promenade. The first cluster of visitors I’ve seen all day are gathered around a headstone with no name, but with a dedication to a “Young English Poet” whose “name was writ in water”. John Keats’ tomb is one whose popularity has not waned since the 19th century, inspiring several pilgrimages every year. But my last stop is approaching. I want to pay a visit to a neighbour of sorts. Fellow Sicilian Andrea Camilleri is one of the latest occupants to join the cemetery. The author of the 38 Inspector Montalbano thrillers died in 2019. His tombstone is simple grey marble, but filled with fresh plants and flowers. Before the wind picks up and frost starts to settle, I start making my way out, when something bright catches my eye. The tomb of Antonio Gramsci, Italian philosopher and founding father of Italy’s Communist Party. It’s covered with dozens of red roses, ribbons and candles. As I ready myself to leave, Gramsci’s tomb reminds me why people keep coming to this cemetery. Yes, to be surrounded by the beauty of the tombstones and the rose bushes and pines. But also to keep alive the memory of Rome’s most important citizens. The writer travelled at their own expense. Around 80 stranded passengers are now being put up in a Nuku’alofa hotel.";https://www.nzherald.co.nz/travel/romes-non-catholic-cemetery-a-quiet-alternative-to-crowded-sights/ADDE2L2A55CD5OYZ4KCU5NOISE/;1;1;
a65ade521a41160d;news;London;2026-04-10T14:06:49Z;At Evelyn’s Table, Seamus Sam Leads an Inventive 12-Seat Tasting Menu Beneath a London Pub;;"At Evelyn’s Table, Seamus Sam Leads an Inventive 12-Seat Tasting Menu Beneath a London Pub. Down an alleyway in London’s Chinatown, discerning diners can venture into Evelyn’s Table, one of London’s most unassuming restaurants. It’s here that I find myself on St. Patrick’s Day—not exactly an evening typically associated with fine dining. But Evelyn’s Table, located in the basement of the Blue Posts pub, is an apt place to celebrate the impending arrival of spring, even if the bathroom queue is slightly longer than usual thanks to the drunken revelers congregating upstairs. Thank you for signing up! By clicking submit, you agree to our <a href="" of service</a> and acknowledge we may use your information to send you emails, product samples, and promotions on this website and other properties. You can opt out anytime. But thankfully, the restaurant, which opened in 2018, has a cocoon-like effect, insulating its 12 guests from everything other than the two-and-a-half-hour tasting menu. The dining experience is the vision of Seamus Sam, the third chef to helm Evelyn’s Table since its inception. Sam took over from James Goodyear in the fall of 2024, but it was the prior team—brothers Luke, Nat and Theo Selby—who earned Evelyn’s Table its Michelin star in 2022. Sam spent four years as the head chef at Muse by Tom Aikens, and previously worked at Restaurant Story and The Clove Club. He was ready to embrace an opportunity to showcase his own style. Taking over an established restaurant, especially one that already had a Michelin star, was a daunting prospect. “You always have to believe in your own ability,” he tells Observer, speaking from Evelyn’s Table a few days after St. Patrick’s Day. “It takes a while until that feels natural when you come somewhere new. And it’s always evolving. I look at our menus, and there’s such a stark contrast to when I started. But sometimes you do need that fear to drive you.” Sam has generally kept to the original menu format at Evelyn’s Table. It’s always been tasting menu only; the countertop holds a maximum of 12 diners per seating. Currently, the five-course dinner menu is £135, while the four-course Friday and Saturday lunch menu is £95. But Sam has also made the food his own. He introduced snacks ahead of the first course—an eel custard from his first menu is still served today—and developed the bread course. The sourdough is baked in-house daily and offered with three spreads: butter, cheese foam and a cashew nut parfait. “At first, it was just the bread and the butter,” Sam recalls. “I was contemplating doing another bread, but that felt like too much. It becomes quite filling.” Instead, he opted to make his own crackers and grissini. One of the crackers is shaped like a piece of wild garlic, allowing guests to enjoy all the accompaniments in different ways. The wild garlic-shaped cracker is dusted with actual dried wild garlic—a favorite ingredient for Sam. He dries and preserves the garlic every spring to use all year. He also forages for elderflower to ensure it’s always on hand. “I’ll make oil from it, vinegar from it, cordial from it,” he says. “I always do enough so it lasts all year round. The elderflower vinegar and oil I actually bring home, because there’s just not space here. It’s on top of my bookshelf.” The intimacy at Evelyn’s Table is part of its charm. The chefs prepare each course in front of the diners, many of whom become new friends during the meal. It requires a lot of preparation because there are two seatings every night and three seatings on Fridays and Saturdays, so the chefs can’t disappear into a back room during service. It has a dinner party vibe, which is bolstered by the location. “It just creates a lovely atmosphere,” Sam says. “We take the food seriously, but the service feels more fun. The fact that we’re underneath a pub feels quite exciting and hidden. There’s a lot of attention to detail, and this is fine dining in that sense, but it has a vibrant feeling to it, as well. It’s great when people chat to each other, and those walls are broken down.” That sense of whimsy comes through in the plating. The dishes are beautifully presented and exceptionally precise, but not all of the crockery is pristine. Instead of tossing out plates and bowls when they break or chip, Sam and his chefs use the Japanese art of kintsugi, a practice where broken crockery is repaired with gold, to mend them. When I dined, my friend and I playfully fought over who got the plate with more gold lacquer as if it were some kind of prize. “Crockery is expensive,” Sam says. “This is a good way to preserve things. I do it sometimes myself. If it’s a Friday or Saturday, one person will deviate from doing the lunch service and spend the time up just to do the plates. The philosophy behind it is quite cool, but also, it’s very practical.” Sam brought the technique with him from Muse, where Aikens enlisted him as head chef for its 2020 opening. Sam, who grew up in Luton and studied civil engineering in school, had previously worked for Aikens at the now-shuttered Restaurant Tom Aikens early in his career. It was his first fine-dining experience; he got his start in the kitchen at Hampstead pub the Bull & Last, where he learned the value of making things from scratch. “It was a good learning curve and a good starting point because we basically did everything there,” he says. “We made our bread, we made our own charcuterie, we made our own terrines, our own ice cream, everything. And it was very busy. It was good to have that sense of urgency from the start, which is an important trait to have as a chef. I learned how to cook properly there.” During his two years at the Bull & Last, Sam moved up the ranks quickly. He describes the job as a “baptism of fire,” but he also soaked up every piece of knowledge he could. He headed to Restaurant Tom Aikens in 2012, which was its own kind of baptism. “He was very intimidating,” Sam says of Aikens. “I was very young, and he obviously saw something in me at the time. He’s one of the best chefs ever to come out of the U.K., so I had him on this pedestal. I managed to progress quite quickly there because I got on with it and was able to adapt in service quickly. It took a year for that relationship between us to really happen, and by the time I got to Muse, he had become an amazing mentor for me.” Spending time working for other chefs helped Sam to define his own cooking style, which incorporates seasonal ingredients with global flavors. He’s inspired by whatever excites him at the time, whether it’s a new technique, a compelling ingredient or a type of cuisine he’s recently tried. Sam’s father is from Malaysia, and his interest in Asian seasonings comes in part from his heritage. But he draws inspiration from all around the world, even places he hasn’t visited just yet. “I definitely have a fondness for Southeast Asia,” Sam says, adding that a recent visit to Malaysia excited him even more. “But a lot of it comes from living in London. It’s so eclectic here, and the food is so exciting. There are amazing Turkish restaurants, Mexican restaurants, Thai restaurants, Malaysian restaurants. I get inspiration from that, and it also depends how I’m feeling.” When I dined at Evelyn’s Table, touches of Korean staples like kimchi and gochujang were apparent in several dishes, as was a Japanese influence. In the past, Sam has also looked to Mexico for inspiration simply because he found a British farm growing poblano chilies. “I found that fascinating, and it sparked the idea of using them,” he says. “We smoked and dried them in a similar fashion to how they do it in Mexico, and we made our own mole using British ingredients, which was served with pork. I love having that freedom and that flexibility.” The demands of his job and a young child at home mean that it’s hard for Sam to find time to dine out himself. But he does his best to experience as much of London’s dining scene as possible. Some of his recent favorite experiences in the city include meals at Restaurant St. Barts, The Ritz Restaurant, BiBi, Wildflowers and Perilla. He’s watched the city’s culinary landscape evolve over the past 15 years and is enlivened by what’s around him. “It’s a very exciting place to work, and it’s very inspiring to see all the great restaurants that are coming up,” Sam says. “It also means that you have to really shine and to stand out and to survive. Competition is good, and there’s a great camaraderie between restaurants and chefs now. It’s a really nice place to be as a chef.” Sam hopes to keep improving at Evelyn’s Table, too. There are plans for a kitchen revamp and, hopefully, the introduction of a bathroom attendant to clean up after the pub goers. Sam describes himself as someone who wants to “get better and better and better,” and he’s always looking for new ways to do that. “I want to create as good of an experience as possible for the guests,” he says. “I’ve never stopped to admire what we do and say, ‘This is good enough.’ It’s always got to get better, whether it’s small details like different glassware or a new chicken supplier. It can be anything. We’re blessed that we are busy at the moment, but you can’t rely on that or previous accolades. In a small restaurant like ours, every seat counts, and we can’t take things for granted because the industry is struggling. I want us to keep continuing being busy. And in order to do that, we need to keep our eyes on the ball.” If my recent meal is anything to go by, Sam and his team haven’t lost sight of that goal. Stepping outside into the fray of St. Patrick’s Day drinkers was jarring, but also a sign that dining at Evelyn’s Table is all you need for a brief respite from the real world. We get it: you like to have control of your own internet experience. But advertising revenue helps support our journalism. To read our full stories, please turn off your ad blocker.We'd really appreciate it. Below are steps you can take in order to whitelist Observer.com on your browser: Click the AdBlock button on your browser and select Don't run on pages on this domain. Click the AdBlock Plus button on your browser and select Enabled on this site. Click the AdBlock Plus button on your browser and select Disable on Observer.com.";https://observer.com/2026/04/seamus-sam-chef-evelyns-table-london-restaurant/;1;1;
389c96cc12e11227;news;London;2026-03-12 09:59:25;Thinking About the Unthinkable: Iran’s Grand Plan to End U.S. Presence in the Middle East;"Iran and Donald Trump have each explained why failure to fight the current war to the end would simply lead to a new set of mutual attacks. Trump announced on March 6 that “There will be no deal with Iran …
The post Thinking About the Unthinkable: Iran’s Gran…";;https://www.globalresearch.ca/thinking-about-the-unthinkable-irans-grand-plan-to-end-u-s-presence-in-the-middle-east/5918626;0;0;
d20b40838a523d1e;news;London;2026-03-27 10:51:11;International tourists could soon have to pay to visit London’s greatest museums;The UK government is weighing up different options to boost art funding across the UK, including an entry fee for overseas visitors;International tourists could soon have to pay to visit London’s greatest museums. 🙌Awesome, you're subscribed! Thanks for subscribing! Look out for your first newsletter in your inbox soon! The best of London straight to your inbox We help you navigate a myriad of possibilities. Sign up for our newsletter for the best of the city. By entering your email address you agree to our Terms of Use and Privacy Policy and consent to receive emails from Time Out about news, events, offers and partner promotions. Awesome, you're subscribed! Thanks for subscribing! Look out for your first newsletter in your inbox soon! The best of London for free. Sign up for our email to enjoy London without spending a thing (as well as some options when you’re feeling flush). Déjà vu! We already have this email. Try another? By entering your email address you agree to our Terms of Use and Privacy Policy and consent to receive emails from Time Out about news, events, offers and partner promotions. London The UK government is weighing up different options to boost art funding across the UK, including an entry fee for overseas visitors London’s collection of free-to-visit galleries and museums is one of its greatest assets. People from any and every walk of life can access ancient treasures like the Rosetta Stone and Pantheon Marbles at the British Museum, world renowned masterpieces like Van Gogh’s ‘Sunflowers’ at the National Gallery, or Raphael’s Cartoons at the V&A. But now, they could be at risk of turning into paid attractions. In an effort to boost arts funding, UK ministers are reportedly considering charging international visitors for access to permanent collections at national museums. Brits would still be able to enter for free. The capital’s national museums and galleries have been free for all visitors since 2001 and their accessibility has been cited as a ‘one of the top motivators for international tourism to this country’. Around 43 percent of those who visit Britain’s major museums and galleries come from overseas. The idea to charge international visitors was laid out by politician Margaret Hodge in December in her Arts England independent review. In response to the recommendations, the government said: ‘We will work with the museum sector to explore the potential opportunities that charging international visitors at national museums could bring to support access to arts everywhere, and the timeframes for this. ‘The government believes charging international visitors at national museums could provide significant benefits. It could underpin our commitment to ensure art and culture is accessible, representative and shared across the country, and support the long-term financial resilience of these organisations. ‘We will work with the museum sector to explore options for charging international visitors that will deliver benefits for the sector and we will provide an update before the end of the year.’ The plan would require digital IDs to distinguish between domestic and international visitors, but they don’t exist yet. There’s already plenty of controversy over the introduction of digital ID and some worry that the requirement would deter Brits from visiting museums and make them less accessible. According to arts charity Art Fund, only 49 percent of people who struggle to make ends meet always carry ID. Other options are being weighed up, though. An alternative recommendation is introducing a hotel levy. The Cultural Policy Unit think-tank reckons that a levy would generate over £1.2bn a year, and much of that can go towards supporting the cultural sector. Research carried out by Art Fund found that 72 percent of the public support a tourist tax that would be used help keep national museums free to enter. Jenny Waldman, the director of Art Fund, said: ‘Our free national museums are one of the great success stories of UK cultural policy — opening up world-class collections to everyone, driving tourism, and enriching millions of lives every year. But they need additional funding in the face of rising costs and declining grant-in-aid. ‘It is striking that the public does not want museums to start charging tourists but supports using a tourist levy. A levy, with some funds ringfenced, is a simpler way to deliver funding to keep the national museums free for everyone and ensure they continue to make the UK such a vibrant tourist destination.’ The 6 best free things to do in London this weekend. Plus: London’s new Museum of Youth Culture has revealed its opening date. Get the latest and greatest from the Big Smoke – from news and reviews to events and trends. Just follow our Time Out London WhatsApp channel. Stay in the loop: sign up for our free Time Out London newsletter for the best of the city, straight to your inbox. Been there, done that? Think again, my friend. By entering your email address you agree to our Terms of Use and Privacy Policy and consent to receive emails from Time Out about news, events, offers and partner promotions. 🙌Awesome, you're subscribed! Thanks for subscribing! Look out for your first newsletter in your inbox soon! Popular on Time Out Popular on Time Out Discover Time Out original video Get us in your inbox By entering your email address you agree to our Terms of Use and Privacy Policy and consent to receive emails from Time Out about news, events, offers and partner promotions. 🙌 Awesome, you're subscribed! Thanks for subscribing! Look out for your first newsletter in your inbox soon! About us Contact us Time Out products;https://www.timeout.com/london/news/international-tourists-could-soon-have-to-pay-to-visit-londons-greatest-museums-032726;1;1;
012ce8ff21751a72;news;Athens;2026-03-20T15:49:28Z;From his 1996 Olympic-winning bike to this year’s Cape Epic: We talk tech and evolution with Bart Brentjens;American Eagle is a bike brand few younger riders will have heard of, and yet back in the early 1990s heyday of mountain bike racing, these Dutch-reared American Eagles soared high and mighty, with Bart Brentjens riding an American Eagle to the historic first…;From his 1996 Olympic-winning bike to this year’s Cape Epic: We talk tech and evolution with Bart Brentjens. American Eagle is a bike brand few younger riders will have heard of, and yet back in the early 1990s heyday of mountain bike racing, these Dutch-reared American Eagles soared high and mighty, with Bart Brentjens riding an American Eagle to the historic first… American Eagle is a bike brand few younger riders will have heard of, and yet back in the early 1990s heyday of mountain bike racing, these Dutch-reared American Eagles soared high and mighty, with B… [+6872 chars];https://road.cc/offroad/feature/from-his-1996-olympic-winning-bike-to-this-years-cape-epic-we-talk-tech-and-evolution-with-bart-brentjens;0;0;